"","Table_Name","Variable","Variable_Table_Name"
"1","tblPisces_NRT","Fe","Fe_tblPisces_NRT"
"2","tblPisces_NRT","PP","PP_tblPisces_NRT"
"3","tblPisces_NRT","Si","Si_tblPisces_NRT"
"4","tblPisces_NRT","NO3","NO3_tblPisces_NRT"
"5","tblPisces_NRT","CHL","CHL_tblPisces_NRT"
"6","tblPisces_NRT","PHYC","PHYC_tblPisces_NRT"
"7","tblPisces_NRT","PO4","PO4_tblPisces_NRT"
"8","tblPisces_NRT","O2","O2_tblPisces_NRT"
"9","tblDarwin_Chl_Climatology","chl01_darwin_clim","chl01_darwin_clim_tblDarwin_Chl_Climatology"
"10","tblDarwin_Chl_Climatology","chl02_darwin_clim","chl02_darwin_clim_tblDarwin_Chl_Climatology"
"11","tblDarwin_Chl_Climatology","chl03_darwin_clim","chl03_darwin_clim_tblDarwin_Chl_Climatology"
"12","tblDarwin_Chl_Climatology","chl04_darwin_clim","chl04_darwin_clim_tblDarwin_Chl_Climatology"
"13","tblDarwin_Chl_Climatology","chl05_darwin_clim","chl05_darwin_clim_tblDarwin_Chl_Climatology"
"14","tblDarwin_Chl_Climatology","chl06_darwin_clim","chl06_darwin_clim_tblDarwin_Chl_Climatology"
"15","tblDarwin_Chl_Climatology","chl07_darwin_clim","chl07_darwin_clim_tblDarwin_Chl_Climatology"
"16","tblDarwin_Chl_Climatology","chl08_darwin_clim","chl08_darwin_clim_tblDarwin_Chl_Climatology"
"17","tblDarwin_Chl_Climatology","chl09_darwin_clim","chl09_darwin_clim_tblDarwin_Chl_Climatology"
"18","tblDarwin_Chl_Climatology","chl10_darwin_clim","chl10_darwin_clim_tblDarwin_Chl_Climatology"
"19","tblDarwin_Chl_Climatology","chl11_darwin_clim","chl11_darwin_clim_tblDarwin_Chl_Climatology"
"20","tblDarwin_Chl_Climatology","chl12_darwin_clim","chl12_darwin_clim_tblDarwin_Chl_Climatology"
"21","tblDarwin_Chl_Climatology","chl13_darwin_clim","chl13_darwin_clim_tblDarwin_Chl_Climatology"
"22","tblDarwin_Chl_Climatology","chl14_darwin_clim","chl14_darwin_clim_tblDarwin_Chl_Climatology"
"23","tblDarwin_Chl_Climatology","chl15_darwin_clim","chl15_darwin_clim_tblDarwin_Chl_Climatology"
"24","tblDarwin_Chl_Climatology","chl16_darwin_clim","chl16_darwin_clim_tblDarwin_Chl_Climatology"
"25","tblDarwin_Chl_Climatology","chl17_darwin_clim","chl17_darwin_clim_tblDarwin_Chl_Climatology"
"26","tblDarwin_Chl_Climatology","chl18_darwin_clim","chl18_darwin_clim_tblDarwin_Chl_Climatology"
"27","tblDarwin_Chl_Climatology","chl19_darwin_clim","chl19_darwin_clim_tblDarwin_Chl_Climatology"
"28","tblDarwin_Chl_Climatology","chl20_darwin_clim","chl20_darwin_clim_tblDarwin_Chl_Climatology"
"29","tblDarwin_Chl_Climatology","chl21_darwin_clim","chl21_darwin_clim_tblDarwin_Chl_Climatology"
"30","tblDarwin_Chl_Climatology","chl22_darwin_clim","chl22_darwin_clim_tblDarwin_Chl_Climatology"
"31","tblDarwin_Chl_Climatology","chl23_darwin_clim","chl23_darwin_clim_tblDarwin_Chl_Climatology"
"32","tblDarwin_Chl_Climatology","chl24_darwin_clim","chl24_darwin_clim_tblDarwin_Chl_Climatology"
"33","tblDarwin_Chl_Climatology","chl25_darwin_clim","chl25_darwin_clim_tblDarwin_Chl_Climatology"
"34","tblDarwin_Chl_Climatology","chl26_darwin_clim","chl26_darwin_clim_tblDarwin_Chl_Climatology"
"35","tblDarwin_Chl_Climatology","chl27_darwin_clim","chl27_darwin_clim_tblDarwin_Chl_Climatology"
"36","tblDarwin_Chl_Climatology","chl28_darwin_clim","chl28_darwin_clim_tblDarwin_Chl_Climatology"
"37","tblDarwin_Chl_Climatology","chl29_darwin_clim","chl29_darwin_clim_tblDarwin_Chl_Climatology"
"38","tblDarwin_Chl_Climatology","chl30_darwin_clim","chl30_darwin_clim_tblDarwin_Chl_Climatology"
"39","tblDarwin_Chl_Climatology","chl31_darwin_clim","chl31_darwin_clim_tblDarwin_Chl_Climatology"
"40","tblDarwin_Chl_Climatology","chl32_darwin_clim","chl32_darwin_clim_tblDarwin_Chl_Climatology"
"41","tblDarwin_Chl_Climatology","chl33_darwin_clim","chl33_darwin_clim_tblDarwin_Chl_Climatology"
"42","tblDarwin_Chl_Climatology","chl34_darwin_clim","chl34_darwin_clim_tblDarwin_Chl_Climatology"
"43","tblDarwin_Chl_Climatology","chl35_darwin_clim","chl35_darwin_clim_tblDarwin_Chl_Climatology"
"44","tblSSS_NRT","sss","sss_tblSSS_NRT"
"45","tblModis_AOD_REP","AOD","AOD_tblModis_AOD_REP"
"46","tblWOA_Climatology","AOU_WOA_clim","AOU_WOA_clim_tblWOA_Climatology"
"47","tblWOA_Climatology","AOU_stat_mean_WOA_clim","AOU_stat_mean_WOA_clim_tblWOA_Climatology"
"48","tblWOA_Climatology","AOU_num_obs_WOA_clim","AOU_num_obs_WOA_clim_tblWOA_Climatology"
"49","tblWOA_Climatology","AOU_stdev_WOA_clim","AOU_stdev_WOA_clim_tblWOA_Climatology"
"50","tblWOA_Climatology","AOU_stderr_WOA_clim","AOU_stderr_WOA_clim_tblWOA_Climatology"
"51","tblWOA_Climatology","density_WOA_clim","density_WOA_clim_tblWOA_Climatology"
"52","tblWOA_Climatology","density_stat_mean_WOA_clim","density_stat_mean_WOA_clim_tblWOA_Climatology"
"53","tblWOA_Climatology","density_num_obs_WOA_clim","density_num_obs_WOA_clim_tblWOA_Climatology"
"54","tblWOA_Climatology","density_stdev_WOA_clim","density_stdev_WOA_clim_tblWOA_Climatology"
"55","tblWOA_Climatology","o2sat_WOA_clim","o2sat_WOA_clim_tblWOA_Climatology"
"56","tblWOA_Climatology","o2sat_stat_mean_WOA_clim","o2sat_stat_mean_WOA_clim_tblWOA_Climatology"
"57","tblWOA_Climatology","o2sat_num_obs_WOA_clim","o2sat_num_obs_WOA_clim_tblWOA_Climatology"
"58","tblWOA_Climatology","o2sat_stdev_WOA_clim","o2sat_stdev_WOA_clim_tblWOA_Climatology"
"59","tblWOA_Climatology","o2sat_stderr_WOA_clim","o2sat_stderr_WOA_clim_tblWOA_Climatology"
"60","tblWOA_Climatology","oxygen_WOA_clim","oxygen_WOA_clim_tblWOA_Climatology"
"61","tblWOA_Climatology","oxygen_stat_mean_WOA_clim","oxygen_stat_mean_WOA_clim_tblWOA_Climatology"
"62","tblWOA_Climatology","oxygen_num_obs_WOA_clim","oxygen_num_obs_WOA_clim_tblWOA_Climatology"
"63","tblWOA_Climatology","oxygen_stdev_WOA_clim","oxygen_stdev_WOA_clim_tblWOA_Climatology"
"64","tblWOA_Climatology","oxygen_stderr_WOA_clim","oxygen_stderr_WOA_clim_tblWOA_Climatology"
"65","tblWOA_Climatology","salinity_WOA_clim","salinity_WOA_clim_tblWOA_Climatology"
"66","tblWOA_Climatology","salinity_stat_mean_WOA_clim","salinity_stat_mean_WOA_clim_tblWOA_Climatology"
"67","tblWOA_Climatology","salinity_num_obs_WOA_clim","salinity_num_obs_WOA_clim_tblWOA_Climatology"
"68","tblWOA_Climatology","salinity_stdev_WOA_clim","salinity_stdev_WOA_clim_tblWOA_Climatology"
"69","tblWOA_Climatology","salinity_stderr_WOA_clim","salinity_stderr_WOA_clim_tblWOA_Climatology"
"70","tblWOA_Climatology","conductivity_WOA_clim","conductivity_WOA_clim_tblWOA_Climatology"
"71","tblWOA_Climatology","conductivity_stat_mean_WOA_clim","conductivity_stat_mean_WOA_clim_tblWOA_Climatology"
"72","tblWOA_Climatology","conductivity_num_obs_WOA_clim","conductivity_num_obs_WOA_clim_tblWOA_Climatology"
"73","tblWOA_Climatology","conductivity_stdev_WOA_clim","conductivity_stdev_WOA_clim_tblWOA_Climatology"
"74","tblWOA_Climatology","sea_water_temp_WOA_clim","sea_water_temp_WOA_clim_tblWOA_Climatology"
"75","tblWOA_Climatology","sea_water_temp_stat_mean_WOA_clim","sea_water_temp_stat_mean_WOA_clim_tblWOA_Climatology"
"76","tblWOA_Climatology","sea_water_temp_num_obs_WOA_clim","sea_water_temp_num_obs_WOA_clim_tblWOA_Climatology"
"77","tblWOA_Climatology","sea_water_temp_stdev_WOA_clim","sea_water_temp_stdev_WOA_clim_tblWOA_Climatology"
"78","tblWOA_Climatology","sea_water_temp_stderr_WOA_clim","sea_water_temp_stderr_WOA_clim_tblWOA_Climatology"
"79","tblWOA_Climatology","nitrate_WOA_clim","nitrate_WOA_clim_tblWOA_Climatology"
"80","tblWOA_Climatology","nitrate_stat_mean_WOA_clim","nitrate_stat_mean_WOA_clim_tblWOA_Climatology"
"81","tblWOA_Climatology","nitrate_num_obs_WOA_clim","nitrate_num_obs_WOA_clim_tblWOA_Climatology"
"82","tblWOA_Climatology","nitrate_stdev_WOA_clim","nitrate_stdev_WOA_clim_tblWOA_Climatology"
"83","tblWOA_Climatology","nitrate_stderr_WOA_clim","nitrate_stderr_WOA_clim_tblWOA_Climatology"
"84","tblWOA_Climatology","phosphate_WOA_clim","phosphate_WOA_clim_tblWOA_Climatology"
"85","tblWOA_Climatology","phosphate_stat_mean_WOA_clim","phosphate_stat_mean_WOA_clim_tblWOA_Climatology"
"86","tblWOA_Climatology","phosphate_num_obs_WOA_clim","phosphate_num_obs_WOA_clim_tblWOA_Climatology"
"87","tblWOA_Climatology","phosphate_stdev_WOA_clim","phosphate_stdev_WOA_clim_tblWOA_Climatology"
"88","tblWOA_Climatology","phosphate_stderr_WOA_clim","phosphate_stderr_WOA_clim_tblWOA_Climatology"
"89","tblWOA_Climatology","silicate_WOA_clim","silicate_WOA_clim_tblWOA_Climatology"
"90","tblWOA_Climatology","silicate_stat_mean_WOA_clim","silicate_stat_mean_WOA_clim_tblWOA_Climatology"
"91","tblWOA_Climatology","silicate_num_obs_WOA_clim","silicate_num_obs_WOA_clim_tblWOA_Climatology"
"92","tblWOA_Climatology","silicate_stdev_WOA_clim","silicate_stdev_WOA_clim_tblWOA_Climatology"
"93","tblWOA_Climatology","silicate_stderr_WOA_clim","silicate_stderr_WOA_clim_tblWOA_Climatology"
"94","tblCHL_REP","chl","chl_tblCHL_REP"
"95","tblDarwin_Ecosystem","phytoplankton_diversity_shannon_index","phytoplankton_diversity_shannon_index_tblDarwin_Ecosystem"
"96","tblDarwin_Ecosystem","phytoplankton","phytoplankton_tblDarwin_Ecosystem"
"97","tblDarwin_Ecosystem","zooplankton","zooplankton_tblDarwin_Ecosystem"
"98","tblDarwin_Ecosystem","CHL","CHL_tblDarwin_Ecosystem"
"99","tblDarwin_Ecosystem","primary_production","primary_production_tblDarwin_Ecosystem"
"100","tblDarwin_Nutrient","FeT","FeT_tblDarwin_Nutrient"
"101","tblDarwin_Nutrient","PO4","PO4_tblDarwin_Nutrient"
"102","tblDarwin_Nutrient","DIN","DIN_tblDarwin_Nutrient"
"103","tblDarwin_Nutrient","SiO2","SiO2_tblDarwin_Nutrient"
"104","tblDarwin_Nutrient","O2","O2_tblDarwin_Nutrient"
"105","tblDarwin_Ocean_Color","irradiance_reflectance_waveband_3","irradiance_reflectance_waveband_3_tblDarwin_Ocean_Color"
"106","tblDarwin_Ocean_Color","irradiance_reflectance_waveband_7","irradiance_reflectance_waveband_7_tblDarwin_Ocean_Color"
"107","tblDarwin_Phytoplankton","diatom","diatom_tblDarwin_Phytoplankton"
"108","tblDarwin_Phytoplankton","coccolithophore","coccolithophore_tblDarwin_Phytoplankton"
"109","tblDarwin_Phytoplankton","mixotrophic_dinoflagellate","mixotrophic_dinoflagellate_tblDarwin_Phytoplankton"
"110","tblDarwin_Phytoplankton","picoeukaryote","picoeukaryote_tblDarwin_Phytoplankton"
"111","tblDarwin_Phytoplankton","picoprokaryote","picoprokaryote_tblDarwin_Phytoplankton"
"112","tblGlobalDrifterProgram","sst","sst_tblGlobalDrifterProgram"
"113","tblGlobalDrifterProgram","velocity_u","velocity_u_tblGlobalDrifterProgram"
"114","tblGlobalDrifterProgram","velocity_v","velocity_v_tblGlobalDrifterProgram"
"115","tblGlobalDrifterProgram","drifter_speed","drifter_speed_tblGlobalDrifterProgram"
"116","tblGlobalDrifterProgram","lat_uncertainty","lat_uncertainty_tblGlobalDrifterProgram"
"117","tblGlobalDrifterProgram","lon_uncertainty","lon_uncertainty_tblGlobalDrifterProgram"
"118","tblGlobalDrifterProgram","sst_uncertainty","sst_uncertainty_tblGlobalDrifterProgram"
"119","tblGlobalDrifterProgram","drifter_ID","drifter_ID_tblGlobalDrifterProgram"
"120","tblModis_PAR","PAR","PAR_tblModis_PAR"
"121","tblModis_POC","POC","POC_tblModis_POC"
"122","tblGOSHIP_Reported","pressure","pressure_tblGOSHIP_Reported"
"123","tblGOSHIP_Reported","temperature","temperature_tblGOSHIP_Reported"
"124","tblGOSHIP_Reported","salinity","salinity_tblGOSHIP_Reported"
"125","tblGOSHIP_Reported","doxy","doxy_tblGOSHIP_Reported"
"126","tblGOSHIP_Reported","conservative_temperature","conservative_temperature_tblGOSHIP_Reported"
"127","tblGOSHIP_Reported","absolute_salinity","absolute_salinity_tblGOSHIP_Reported"
"128","tblGOSHIP_Reported","region","region_tblGOSHIP_Reported"
"129","tblGOSHIP_Reported","goship_woce_line_id","goship_woce_line_id_tblGOSHIP_Reported"
"130","tblGOSHIP_Gridded","pressure","pressure_tblGOSHIP_Gridded"
"131","tblGOSHIP_Gridded","temperature","temperature_tblGOSHIP_Gridded"
"132","tblGOSHIP_Gridded","practical_salinity","practical_salinity_tblGOSHIP_Gridded"
"133","tblGOSHIP_Gridded","oxygen","oxygen_tblGOSHIP_Gridded"
"134","tblGOSHIP_Gridded","conservative_temperature","conservative_temperature_tblGOSHIP_Gridded"
"135","tblGOSHIP_Gridded","absolute_salinity","absolute_salinity_tblGOSHIP_Gridded"
"136","tblGOSHIP_Gridded","region","region_tblGOSHIP_Gridded"
"137","tblGOSHIP_Gridded","gridded_section","gridded_section_tblGOSHIP_Gridded"
"138","tblGOSHIP_Gridded","goship_woce_line_id","goship_woce_line_id_tblGOSHIP_Gridded"
"139","tblPisces_Forecast","chl","chl_tblPisces_Forecast"
"140","tblPisces_Forecast","fe","fe_tblPisces_Forecast"
"141","tblPisces_Forecast","no3","no3_tblPisces_Forecast"
"142","tblPisces_Forecast","nppv","nppv_tblPisces_Forecast"
"143","tblPisces_Forecast","o2","o2_tblPisces_Forecast"
"144","tblPisces_Forecast","ph","ph_tblPisces_Forecast"
"145","tblPisces_Forecast","phyc","phyc_tblPisces_Forecast"
"146","tblPisces_Forecast","po4","po4_tblPisces_Forecast"
"147","tblPisces_Forecast","si","si_tblPisces_Forecast"
"148","tblPisces_Forecast","spco2","spco2_tblPisces_Forecast"
"149","tblArgo_MLD_Climatology","mld_da_mean_argo_clim","mld_da_mean_argo_clim_tblArgo_MLD_Climatology"
"150","tblArgo_MLD_Climatology","mld_dt_mean_argo_clim","mld_dt_mean_argo_clim_tblArgo_MLD_Climatology"
"151","tblArgo_MLD_Climatology","mld_da_median_argo_clim","mld_da_median_argo_clim_tblArgo_MLD_Climatology"
"152","tblArgo_MLD_Climatology","mld_dt_median_argo_clim","mld_dt_median_argo_clim_tblArgo_MLD_Climatology"
"153","tblArgo_MLD_Climatology","mld_da_std_argo_clim","mld_da_std_argo_clim_tblArgo_MLD_Climatology"
"154","tblArgo_MLD_Climatology","mld_dt_std_argo_clim","mld_dt_std_argo_clim_tblArgo_MLD_Climatology"
"155","tblArgo_MLD_Climatology","mld_da_max_argo_clim","mld_da_max_argo_clim_tblArgo_MLD_Climatology"
"156","tblArgo_MLD_Climatology","mld_dt_max_argo_clim","mld_dt_max_argo_clim_tblArgo_MLD_Climatology"
"157","tblArgo_MLD_Climatology","mlpd_da_argo_clim","mlpd_da_argo_clim_tblArgo_MLD_Climatology"
"158","tblArgo_MLD_Climatology","mlpd_dt_argo_clim","mlpd_dt_argo_clim_tblArgo_MLD_Climatology"
"159","tblArgo_MLD_Climatology","mlt_da_argo_clim","mlt_da_argo_clim_tblArgo_MLD_Climatology"
"160","tblArgo_MLD_Climatology","mlt_dt_argo_clim","mlt_dt_argo_clim_tblArgo_MLD_Climatology"
"161","tblArgo_MLD_Climatology","mls_da_argo_clim","mls_da_argo_clim_tblArgo_MLD_Climatology"
"162","tblArgo_MLD_Climatology","mls_dt_argo_clim","mls_dt_argo_clim_tblArgo_MLD_Climatology"
"163","tblArgo_MLD_Climatology","num_profiles_argo_clim","num_profiles_argo_clim_tblArgo_MLD_Climatology"
"164","tblWOA_2018_MLD_qrtdeg_Climatology","M_an_clim","M_an_clim_tblWOA_2018_MLD_qrtdeg_Climatology"
"165","tblWOA_2018_MLD_qrtdeg_Climatology","M_mn_clim","M_mn_clim_tblWOA_2018_MLD_qrtdeg_Climatology"
"166","tblWOA_2018_MLD_qrtdeg_Climatology","M_dd_clim","M_dd_clim_tblWOA_2018_MLD_qrtdeg_Climatology"
"167","tblWOA_2018_MLD_qrtdeg_Climatology","M_sd_clim","M_sd_clim_tblWOA_2018_MLD_qrtdeg_Climatology"
"168","tblWOA_2018_MLD_qrtdeg_Climatology","M_se_clim","M_se_clim_tblWOA_2018_MLD_qrtdeg_Climatology"
"169","tblWOA_2018_MLD_qrtdeg_Climatology","M_oa_clim","M_oa_clim_tblWOA_2018_MLD_qrtdeg_Climatology"
"170","tblWOA_2018_MLD_qrtdeg_Climatology","M_ma_clim","M_ma_clim_tblWOA_2018_MLD_qrtdeg_Climatology"
"171","tblWOA_2018_MLD_qrtdeg_Climatology","M_gp_clim","M_gp_clim_tblWOA_2018_MLD_qrtdeg_Climatology"
"172","tblWOA_2018_qrtdeg_Climatology","C_an_clim","C_an_clim_tblWOA_2018_qrtdeg_Climatology"
"173","tblWOA_2018_qrtdeg_Climatology","C_mn_clim","C_mn_clim_tblWOA_2018_qrtdeg_Climatology"
"174","tblWOA_2018_qrtdeg_Climatology","C_dd_clim","C_dd_clim_tblWOA_2018_qrtdeg_Climatology"
"175","tblWOA_2018_qrtdeg_Climatology","C_sd_clim","C_sd_clim_tblWOA_2018_qrtdeg_Climatology"
"176","tblWOA_2018_qrtdeg_Climatology","C_se_clim","C_se_clim_tblWOA_2018_qrtdeg_Climatology"
"177","tblWOA_2018_qrtdeg_Climatology","C_oa_clim","C_oa_clim_tblWOA_2018_qrtdeg_Climatology"
"178","tblWOA_2018_qrtdeg_Climatology","C_ma_clim","C_ma_clim_tblWOA_2018_qrtdeg_Climatology"
"179","tblWOA_2018_qrtdeg_Climatology","C_gp_clim","C_gp_clim_tblWOA_2018_qrtdeg_Climatology"
"180","tblWOA_2018_qrtdeg_Climatology","I_an_clim","I_an_clim_tblWOA_2018_qrtdeg_Climatology"
"181","tblWOA_2018_qrtdeg_Climatology","I_mn_clim","I_mn_clim_tblWOA_2018_qrtdeg_Climatology"
"182","tblWOA_2018_qrtdeg_Climatology","I_dd_clim","I_dd_clim_tblWOA_2018_qrtdeg_Climatology"
"183","tblWOA_2018_qrtdeg_Climatology","I_sd_clim","I_sd_clim_tblWOA_2018_qrtdeg_Climatology"
"184","tblWOA_2018_qrtdeg_Climatology","I_se_clim","I_se_clim_tblWOA_2018_qrtdeg_Climatology"
"185","tblWOA_2018_qrtdeg_Climatology","I_oa_clim","I_oa_clim_tblWOA_2018_qrtdeg_Climatology"
"186","tblWOA_2018_qrtdeg_Climatology","I_ma_clim","I_ma_clim_tblWOA_2018_qrtdeg_Climatology"
"187","tblWOA_2018_qrtdeg_Climatology","I_gp_clim","I_gp_clim_tblWOA_2018_qrtdeg_Climatology"
"188","tblWOA_2018_qrtdeg_Climatology","s_an_clim","s_an_clim_tblWOA_2018_qrtdeg_Climatology"
"189","tblWOA_2018_qrtdeg_Climatology","s_mn_clim","s_mn_clim_tblWOA_2018_qrtdeg_Climatology"
"190","tblWOA_2018_qrtdeg_Climatology","s_dd_clim","s_dd_clim_tblWOA_2018_qrtdeg_Climatology"
"191","tblWOA_2018_qrtdeg_Climatology","s_sd_clim","s_sd_clim_tblWOA_2018_qrtdeg_Climatology"
"192","tblWOA_2018_qrtdeg_Climatology","s_se_clim","s_se_clim_tblWOA_2018_qrtdeg_Climatology"
"193","tblWOA_2018_qrtdeg_Climatology","s_oa_clim","s_oa_clim_tblWOA_2018_qrtdeg_Climatology"
"194","tblWOA_2018_qrtdeg_Climatology","s_ma_clim","s_ma_clim_tblWOA_2018_qrtdeg_Climatology"
"195","tblWOA_2018_qrtdeg_Climatology","s_gp_clim","s_gp_clim_tblWOA_2018_qrtdeg_Climatology"
"196","tblWOA_2018_qrtdeg_Climatology","t_an_clim","t_an_clim_tblWOA_2018_qrtdeg_Climatology"
"197","tblWOA_2018_qrtdeg_Climatology","t_mn_clim","t_mn_clim_tblWOA_2018_qrtdeg_Climatology"
"198","tblWOA_2018_qrtdeg_Climatology","t_dd_clim","t_dd_clim_tblWOA_2018_qrtdeg_Climatology"
"199","tblWOA_2018_qrtdeg_Climatology","t_sd_clim","t_sd_clim_tblWOA_2018_qrtdeg_Climatology"
"200","tblWOA_2018_qrtdeg_Climatology","t_se_clim","t_se_clim_tblWOA_2018_qrtdeg_Climatology"
"201","tblWOA_2018_qrtdeg_Climatology","t_oa_clim","t_oa_clim_tblWOA_2018_qrtdeg_Climatology"
"202","tblWOA_2018_qrtdeg_Climatology","t_ma_clim","t_ma_clim_tblWOA_2018_qrtdeg_Climatology"
"203","tblWOA_2018_qrtdeg_Climatology","t_gp_clim","t_gp_clim_tblWOA_2018_qrtdeg_Climatology"
"204","tblWOA_2018_1deg_Climatology","C_an_clim","C_an_clim_tblWOA_2018_1deg_Climatology"
"205","tblWOA_2018_1deg_Climatology","C_mn_clim","C_mn_clim_tblWOA_2018_1deg_Climatology"
"206","tblWOA_2018_1deg_Climatology","C_dd_clim","C_dd_clim_tblWOA_2018_1deg_Climatology"
"207","tblWOA_2018_1deg_Climatology","C_sd_clim","C_sd_clim_tblWOA_2018_1deg_Climatology"
"208","tblWOA_2018_1deg_Climatology","C_se_clim","C_se_clim_tblWOA_2018_1deg_Climatology"
"209","tblWOA_2018_1deg_Climatology","C_oa_clim","C_oa_clim_tblWOA_2018_1deg_Climatology"
"210","tblWOA_2018_1deg_Climatology","C_ma_clim","C_ma_clim_tblWOA_2018_1deg_Climatology"
"211","tblWOA_2018_1deg_Climatology","C_gp_clim","C_gp_clim_tblWOA_2018_1deg_Climatology"
"212","tblWOA_2018_1deg_Climatology","I_an_clim","I_an_clim_tblWOA_2018_1deg_Climatology"
"213","tblWOA_2018_1deg_Climatology","I_mn_clim","I_mn_clim_tblWOA_2018_1deg_Climatology"
"214","tblWOA_2018_1deg_Climatology","I_dd_clim","I_dd_clim_tblWOA_2018_1deg_Climatology"
"215","tblWOA_2018_1deg_Climatology","I_sd_clim","I_sd_clim_tblWOA_2018_1deg_Climatology"
"216","tblWOA_2018_1deg_Climatology","I_se_clim","I_se_clim_tblWOA_2018_1deg_Climatology"
"217","tblWOA_2018_1deg_Climatology","I_oa_clim","I_oa_clim_tblWOA_2018_1deg_Climatology"
"218","tblWOA_2018_1deg_Climatology","I_ma_clim","I_ma_clim_tblWOA_2018_1deg_Climatology"
"219","tblWOA_2018_1deg_Climatology","I_gp_clim","I_gp_clim_tblWOA_2018_1deg_Climatology"
"220","tblWOA_2018_1deg_Climatology","s_an_clim","s_an_clim_tblWOA_2018_1deg_Climatology"
"221","tblWOA_2018_1deg_Climatology","s_mn_clim","s_mn_clim_tblWOA_2018_1deg_Climatology"
"222","tblWOA_2018_1deg_Climatology","s_dd_clim","s_dd_clim_tblWOA_2018_1deg_Climatology"
"223","tblWOA_2018_1deg_Climatology","s_sd_clim","s_sd_clim_tblWOA_2018_1deg_Climatology"
"224","tblWOA_2018_1deg_Climatology","s_se_clim","s_se_clim_tblWOA_2018_1deg_Climatology"
"225","tblWOA_2018_1deg_Climatology","s_oa_clim","s_oa_clim_tblWOA_2018_1deg_Climatology"
"226","tblWOA_2018_1deg_Climatology","s_ma_clim","s_ma_clim_tblWOA_2018_1deg_Climatology"
"227","tblWOA_2018_1deg_Climatology","s_gp_clim","s_gp_clim_tblWOA_2018_1deg_Climatology"
"228","tblWOA_2018_1deg_Climatology","t_an_clim","t_an_clim_tblWOA_2018_1deg_Climatology"
"229","tblWOA_2018_1deg_Climatology","t_mn_clim","t_mn_clim_tblWOA_2018_1deg_Climatology"
"230","tblWOA_2018_1deg_Climatology","t_dd_clim","t_dd_clim_tblWOA_2018_1deg_Climatology"
"231","tblWOA_2018_1deg_Climatology","t_sd_clim","t_sd_clim_tblWOA_2018_1deg_Climatology"
"232","tblWOA_2018_1deg_Climatology","t_se_clim","t_se_clim_tblWOA_2018_1deg_Climatology"
"233","tblWOA_2018_1deg_Climatology","t_oa_clim","t_oa_clim_tblWOA_2018_1deg_Climatology"
"234","tblWOA_2018_1deg_Climatology","t_ma_clim","t_ma_clim_tblWOA_2018_1deg_Climatology"
"235","tblWOA_2018_1deg_Climatology","t_gp_clim","t_gp_clim_tblWOA_2018_1deg_Climatology"
"236","tblWOA_2018_1deg_Climatology","A_an_clim","A_an_clim_tblWOA_2018_1deg_Climatology"
"237","tblWOA_2018_1deg_Climatology","A_mn_clim","A_mn_clim_tblWOA_2018_1deg_Climatology"
"238","tblWOA_2018_1deg_Climatology","A_dd_clim","A_dd_clim_tblWOA_2018_1deg_Climatology"
"239","tblWOA_2018_1deg_Climatology","A_sd_clim","A_sd_clim_tblWOA_2018_1deg_Climatology"
"240","tblWOA_2018_1deg_Climatology","A_se_clim","A_se_clim_tblWOA_2018_1deg_Climatology"
"241","tblWOA_2018_1deg_Climatology","A_oa_clim","A_oa_clim_tblWOA_2018_1deg_Climatology"
"242","tblWOA_2018_1deg_Climatology","A_ma_clim","A_ma_clim_tblWOA_2018_1deg_Climatology"
"243","tblWOA_2018_1deg_Climatology","A_gp_clim","A_gp_clim_tblWOA_2018_1deg_Climatology"
"244","tblWOA_2018_1deg_Climatology","O_an_clim","O_an_clim_tblWOA_2018_1deg_Climatology"
"245","tblWOA_2018_1deg_Climatology","O_mn_clim","O_mn_clim_tblWOA_2018_1deg_Climatology"
"246","tblWOA_2018_1deg_Climatology","O_dd_clim","O_dd_clim_tblWOA_2018_1deg_Climatology"
"247","tblWOA_2018_1deg_Climatology","O_sd_clim","O_sd_clim_tblWOA_2018_1deg_Climatology"
"248","tblWOA_2018_1deg_Climatology","O_se_clim","O_se_clim_tblWOA_2018_1deg_Climatology"
"249","tblWOA_2018_1deg_Climatology","O_oa_clim","O_oa_clim_tblWOA_2018_1deg_Climatology"
"250","tblWOA_2018_1deg_Climatology","O_ma_clim","O_ma_clim_tblWOA_2018_1deg_Climatology"
"251","tblWOA_2018_1deg_Climatology","O_gp_clim","O_gp_clim_tblWOA_2018_1deg_Climatology"
"252","tblWOA_2018_1deg_Climatology","si_an_clim","si_an_clim_tblWOA_2018_1deg_Climatology"
"253","tblWOA_2018_1deg_Climatology","si_mn_clim","si_mn_clim_tblWOA_2018_1deg_Climatology"
"254","tblWOA_2018_1deg_Climatology","si_dd_clim","si_dd_clim_tblWOA_2018_1deg_Climatology"
"255","tblWOA_2018_1deg_Climatology","si_sd_clim","si_sd_clim_tblWOA_2018_1deg_Climatology"
"256","tblWOA_2018_1deg_Climatology","si_se_clim","si_se_clim_tblWOA_2018_1deg_Climatology"
"257","tblWOA_2018_1deg_Climatology","si_oa_clim","si_oa_clim_tblWOA_2018_1deg_Climatology"
"258","tblWOA_2018_1deg_Climatology","si_ma_clim","si_ma_clim_tblWOA_2018_1deg_Climatology"
"259","tblWOA_2018_1deg_Climatology","si_gp_clim","si_gp_clim_tblWOA_2018_1deg_Climatology"
"260","tblWOA_2018_1deg_Climatology","n_an_clim","n_an_clim_tblWOA_2018_1deg_Climatology"
"261","tblWOA_2018_1deg_Climatology","n_mn_clim","n_mn_clim_tblWOA_2018_1deg_Climatology"
"262","tblWOA_2018_1deg_Climatology","n_dd_clim","n_dd_clim_tblWOA_2018_1deg_Climatology"
"263","tblWOA_2018_1deg_Climatology","n_sd_clim","n_sd_clim_tblWOA_2018_1deg_Climatology"
"264","tblWOA_2018_1deg_Climatology","n_se_clim","n_se_clim_tblWOA_2018_1deg_Climatology"
"265","tblWOA_2018_1deg_Climatology","n_oa_clim","n_oa_clim_tblWOA_2018_1deg_Climatology"
"266","tblWOA_2018_1deg_Climatology","n_ma_clim","n_ma_clim_tblWOA_2018_1deg_Climatology"
"267","tblWOA_2018_1deg_Climatology","n_gp_clim","n_gp_clim_tblWOA_2018_1deg_Climatology"
"268","tblWOA_2018_1deg_Climatology","p_an_clim","p_an_clim_tblWOA_2018_1deg_Climatology"
"269","tblWOA_2018_1deg_Climatology","p_mn_clim","p_mn_clim_tblWOA_2018_1deg_Climatology"
"270","tblWOA_2018_1deg_Climatology","p_dd_clim","p_dd_clim_tblWOA_2018_1deg_Climatology"
"271","tblWOA_2018_1deg_Climatology","p_sd_clim","p_sd_clim_tblWOA_2018_1deg_Climatology"
"272","tblWOA_2018_1deg_Climatology","p_se_clim","p_se_clim_tblWOA_2018_1deg_Climatology"
"273","tblWOA_2018_1deg_Climatology","p_oa_clim","p_oa_clim_tblWOA_2018_1deg_Climatology"
"274","tblWOA_2018_1deg_Climatology","p_ma_clim","p_ma_clim_tblWOA_2018_1deg_Climatology"
"275","tblWOA_2018_1deg_Climatology","p_gp_clim","p_gp_clim_tblWOA_2018_1deg_Climatology"
"276","tblWOA_2018_MLD_1deg_Climatology","M_an_clim","M_an_clim_tblWOA_2018_MLD_1deg_Climatology"
"277","tblWOA_2018_MLD_1deg_Climatology","M_mn_clim","M_mn_clim_tblWOA_2018_MLD_1deg_Climatology"
"278","tblWOA_2018_MLD_1deg_Climatology","M_dd_clim","M_dd_clim_tblWOA_2018_MLD_1deg_Climatology"
"279","tblWOA_2018_MLD_1deg_Climatology","M_sd_clim","M_sd_clim_tblWOA_2018_MLD_1deg_Climatology"
"280","tblWOA_2018_MLD_1deg_Climatology","M_se_clim","M_se_clim_tblWOA_2018_MLD_1deg_Climatology"
"281","tblWOA_2018_MLD_1deg_Climatology","M_oa_clim","M_oa_clim_tblWOA_2018_MLD_1deg_Climatology"
"282","tblWOA_2018_MLD_1deg_Climatology","M_ma_clim","M_ma_clim_tblWOA_2018_MLD_1deg_Climatology"
"283","tblWOA_2018_MLD_1deg_Climatology","M_gp_clim","M_gp_clim_tblWOA_2018_MLD_1deg_Climatology"
"284","tblSST_AVHRR_OI_NRT","sst","sst_tblSST_AVHRR_OI_NRT"
"285","tblModis_CHL","chlor_a","chlor_a_tblModis_CHL"
"286","tblGeotraces_Sensor","Cruise","Cruise_tblGeotraces_Sensor"
"287","tblGeotraces_Sensor","Station","Station_tblGeotraces_Sensor"
"288","tblGeotraces_Sensor","Type","Type_tblGeotraces_Sensor"
"289","tblGeotraces_Sensor","Bottom_Depth","Bottom_Depth_tblGeotraces_Sensor"
"290","tblGeotraces_Sensor","Operators_Cruise_Name","Operators_Cruise_Name_tblGeotraces_Sensor"
"291","tblGeotraces_Sensor","CTDPRS_T_VALUE_SENSOR","CTDPRS_T_VALUE_SENSOR_tblGeotraces_Sensor"
"292","tblGeotraces_Sensor","CTDPRS_T_VALUE_SENSOR_qc","CTDPRS_T_VALUE_SENSOR_qc_tblGeotraces_Sensor"
"293","tblGeotraces_Sensor","CTDTMP_T_VALUE_SENSOR","CTDTMP_T_VALUE_SENSOR_tblGeotraces_Sensor"
"294","tblGeotraces_Sensor","CTDTMP_T_VALUE_SENSOR_qc","CTDTMP_T_VALUE_SENSOR_qc_tblGeotraces_Sensor"
"295","tblGeotraces_Sensor","CTDSAL_D_CONC_SENSOR","CTDSAL_D_CONC_SENSOR_tblGeotraces_Sensor"
"296","tblGeotraces_Sensor","CTDSAL_D_CONC_SENSOR_qc","CTDSAL_D_CONC_SENSOR_qc_tblGeotraces_Sensor"
"297","tblGeotraces_Sensor","CTDOXY_D_CONC_SENSOR","CTDOXY_D_CONC_SENSOR_tblGeotraces_Sensor"
"298","tblGeotraces_Sensor","CTDOXY_D_CONC_SENSOR_qc","CTDOXY_D_CONC_SENSOR_qc_tblGeotraces_Sensor"
"299","tblGeotraces_Sensor","CTDCHLA_T_CONC_SENSOR","CTDCHLA_T_CONC_SENSOR_tblGeotraces_Sensor"
"300","tblGeotraces_Sensor","CTDCHLA_T_CONC_SENSOR_qc","CTDCHLA_T_CONC_SENSOR_qc_tblGeotraces_Sensor"
"301","tblGeotraces_Sensor","CTDFLUOR_T_VALUE_SENSOR","CTDFLUOR_T_VALUE_SENSOR_tblGeotraces_Sensor"
"302","tblGeotraces_Sensor","CTDFLUOR_T_VALUE_SENSOR_qc","CTDFLUOR_T_VALUE_SENSOR_qc_tblGeotraces_Sensor"
"303","tblGeotraces_Sensor","CTDBEAMCP_T_VALUE_SENSOR","CTDBEAMCP_T_VALUE_SENSOR_tblGeotraces_Sensor"
"304","tblGeotraces_Sensor","CTDBEAMCP_T_VALUE_SENSOR_qc","CTDBEAMCP_T_VALUE_SENSOR_qc_tblGeotraces_Sensor"
"305","tblGeotraces_Sensor","CTDXMISS_T_VALUE_SENSOR","CTDXMISS_T_VALUE_SENSOR_tblGeotraces_Sensor"
"306","tblGeotraces_Sensor","CTDXMISS_T_VALUE_SENSOR_qc","CTDXMISS_T_VALUE_SENSOR_qc_tblGeotraces_Sensor"
"307","tblGeotraces_Sensor","CTDTURB_T_VALUE_SENSOR","CTDTURB_T_VALUE_SENSOR_tblGeotraces_Sensor"
"308","tblGeotraces_Sensor","CTDTURB_T_VALUE_SENSOR_qc","CTDTURB_T_VALUE_SENSOR_qc_tblGeotraces_Sensor"
"309","tblGeotraces_Sensor","CTDPAR_T_VALUE_SENSOR","CTDPAR_T_VALUE_SENSOR_tblGeotraces_Sensor"
"310","tblGeotraces_Sensor","CTDPAR_T_VALUE_SENSOR_qc","CTDPAR_T_VALUE_SENSOR_qc_tblGeotraces_Sensor"
"311","tblMesoscale_Eddy_allsats_short","amplitude","amplitude_tblMesoscale_Eddy_allsats_short"
"312","tblMesoscale_Eddy_allsats_short","cost_association","cost_association_tblMesoscale_Eddy_allsats_short"
"313","tblMesoscale_Eddy_allsats_short","effective_area","effective_area_tblMesoscale_Eddy_allsats_short"
"314","tblMesoscale_Eddy_allsats_short","effective_contour_height","effective_contour_height_tblMesoscale_Eddy_allsats_short"
"315","tblMesoscale_Eddy_allsats_short","effective_contour_latitude","effective_contour_latitude_tblMesoscale_Eddy_allsats_short"
"316","tblMesoscale_Eddy_allsats_short","effective_contour_longitude","effective_contour_longitude_tblMesoscale_Eddy_allsats_short"
"317","tblMesoscale_Eddy_allsats_short","effective_contour_shape_error","effective_contour_shape_error_tblMesoscale_Eddy_allsats_short"
"318","tblMesoscale_Eddy_allsats_short","effective_radius","effective_radius_tblMesoscale_Eddy_allsats_short"
"319","tblMesoscale_Eddy_allsats_short","inner_contour_height","inner_contour_height_tblMesoscale_Eddy_allsats_short"
"320","tblMesoscale_Eddy_allsats_short","latitude_max","latitude_max_tblMesoscale_Eddy_allsats_short"
"321","tblMesoscale_Eddy_allsats_short","longitude_max","longitude_max_tblMesoscale_Eddy_allsats_short"
"322","tblMesoscale_Eddy_allsats_short","num_contours","num_contours_tblMesoscale_Eddy_allsats_short"
"323","tblMesoscale_Eddy_allsats_short","num_point_e","num_point_e_tblMesoscale_Eddy_allsats_short"
"324","tblMesoscale_Eddy_allsats_short","num_point_s","num_point_s_tblMesoscale_Eddy_allsats_short"
"325","tblMesoscale_Eddy_allsats_short","observation_flag","observation_flag_tblMesoscale_Eddy_allsats_short"
"326","tblMesoscale_Eddy_allsats_short","observation_number","observation_number_tblMesoscale_Eddy_allsats_short"
"327","tblMesoscale_Eddy_allsats_short","speed_area","speed_area_tblMesoscale_Eddy_allsats_short"
"328","tblMesoscale_Eddy_allsats_short","speed_average","speed_average_tblMesoscale_Eddy_allsats_short"
"329","tblMesoscale_Eddy_allsats_short","speed_contour_height","speed_contour_height_tblMesoscale_Eddy_allsats_short"
"330","tblMesoscale_Eddy_allsats_short","speed_contour_latitude","speed_contour_latitude_tblMesoscale_Eddy_allsats_short"
"331","tblMesoscale_Eddy_allsats_short","speed_contour_longitude","speed_contour_longitude_tblMesoscale_Eddy_allsats_short"
"332","tblMesoscale_Eddy_allsats_short","speed_contour_shape_error","speed_contour_shape_error_tblMesoscale_Eddy_allsats_short"
"333","tblMesoscale_Eddy_allsats_short","speed_radius","speed_radius_tblMesoscale_Eddy_allsats_short"
"334","tblMesoscale_Eddy_allsats_short","track","track_tblMesoscale_Eddy_allsats_short"
"335","tblMesoscale_Eddy_allsats_short","uavg_profile","uavg_profile_tblMesoscale_Eddy_allsats_short"
"336","tblMesoscale_Eddy_allsats_short","eddy_polarity","eddy_polarity_tblMesoscale_Eddy_allsats_short"
"337","tblMesoscale_Eddy_allsats_long","amplitude","amplitude_tblMesoscale_Eddy_allsats_long"
"338","tblMesoscale_Eddy_allsats_long","cost_association","cost_association_tblMesoscale_Eddy_allsats_long"
"339","tblMesoscale_Eddy_allsats_long","effective_area","effective_area_tblMesoscale_Eddy_allsats_long"
"340","tblMesoscale_Eddy_allsats_long","effective_contour_height","effective_contour_height_tblMesoscale_Eddy_allsats_long"
"341","tblMesoscale_Eddy_allsats_long","effective_contour_latitude","effective_contour_latitude_tblMesoscale_Eddy_allsats_long"
"342","tblMesoscale_Eddy_allsats_long","effective_contour_longitude","effective_contour_longitude_tblMesoscale_Eddy_allsats_long"
"343","tblMesoscale_Eddy_allsats_long","effective_contour_shape_error","effective_contour_shape_error_tblMesoscale_Eddy_allsats_long"
"344","tblMesoscale_Eddy_allsats_long","effective_radius","effective_radius_tblMesoscale_Eddy_allsats_long"
"345","tblMesoscale_Eddy_allsats_long","inner_contour_height","inner_contour_height_tblMesoscale_Eddy_allsats_long"
"346","tblMesoscale_Eddy_allsats_long","latitude_max","latitude_max_tblMesoscale_Eddy_allsats_long"
"347","tblMesoscale_Eddy_allsats_long","longitude_max","longitude_max_tblMesoscale_Eddy_allsats_long"
"348","tblMesoscale_Eddy_allsats_long","num_contours","num_contours_tblMesoscale_Eddy_allsats_long"
"349","tblMesoscale_Eddy_allsats_long","num_point_e","num_point_e_tblMesoscale_Eddy_allsats_long"
"350","tblMesoscale_Eddy_allsats_long","num_point_s","num_point_s_tblMesoscale_Eddy_allsats_long"
"351","tblMesoscale_Eddy_allsats_long","observation_flag","observation_flag_tblMesoscale_Eddy_allsats_long"
"352","tblMesoscale_Eddy_allsats_long","observation_number","observation_number_tblMesoscale_Eddy_allsats_long"
"353","tblMesoscale_Eddy_allsats_long","speed_area","speed_area_tblMesoscale_Eddy_allsats_long"
"354","tblMesoscale_Eddy_allsats_long","speed_average","speed_average_tblMesoscale_Eddy_allsats_long"
"355","tblMesoscale_Eddy_allsats_long","speed_contour_height","speed_contour_height_tblMesoscale_Eddy_allsats_long"
"356","tblMesoscale_Eddy_allsats_long","speed_contour_latitude","speed_contour_latitude_tblMesoscale_Eddy_allsats_long"
"357","tblMesoscale_Eddy_allsats_long","speed_contour_longitude","speed_contour_longitude_tblMesoscale_Eddy_allsats_long"
"358","tblMesoscale_Eddy_allsats_long","speed_contour_shape_error","speed_contour_shape_error_tblMesoscale_Eddy_allsats_long"
"359","tblMesoscale_Eddy_allsats_long","speed_radius","speed_radius_tblMesoscale_Eddy_allsats_long"
"360","tblMesoscale_Eddy_allsats_long","track","track_tblMesoscale_Eddy_allsats_long"
"361","tblMesoscale_Eddy_allsats_long","uavg_profile","uavg_profile_tblMesoscale_Eddy_allsats_long"
"362","tblMesoscale_Eddy_allsats_long","eddy_polarity","eddy_polarity_tblMesoscale_Eddy_allsats_long"
"363","tblMesoscale_Eddy_allsats_untracked","amplitude","amplitude_tblMesoscale_Eddy_allsats_untracked"
"364","tblMesoscale_Eddy_allsats_untracked","effective_area","effective_area_tblMesoscale_Eddy_allsats_untracked"
"365","tblMesoscale_Eddy_allsats_untracked","effective_contour_height","effective_contour_height_tblMesoscale_Eddy_allsats_untracked"
"366","tblMesoscale_Eddy_allsats_untracked","effective_contour_latitude","effective_contour_latitude_tblMesoscale_Eddy_allsats_untracked"
"367","tblMesoscale_Eddy_allsats_untracked","effective_contour_longitude","effective_contour_longitude_tblMesoscale_Eddy_allsats_untracked"
"368","tblMesoscale_Eddy_allsats_untracked","effective_contour_shape_error","effective_contour_shape_error_tblMesoscale_Eddy_allsats_untracked"
"369","tblMesoscale_Eddy_allsats_untracked","effective_radius","effective_radius_tblMesoscale_Eddy_allsats_untracked"
"370","tblMesoscale_Eddy_allsats_untracked","inner_contour_height","inner_contour_height_tblMesoscale_Eddy_allsats_untracked"
"371","tblMesoscale_Eddy_allsats_untracked","latitude_max","latitude_max_tblMesoscale_Eddy_allsats_untracked"
"372","tblMesoscale_Eddy_allsats_untracked","longitude_max","longitude_max_tblMesoscale_Eddy_allsats_untracked"
"373","tblMesoscale_Eddy_allsats_untracked","num_contours","num_contours_tblMesoscale_Eddy_allsats_untracked"
"374","tblMesoscale_Eddy_allsats_untracked","num_point_e","num_point_e_tblMesoscale_Eddy_allsats_untracked"
"375","tblMesoscale_Eddy_allsats_untracked","num_point_s","num_point_s_tblMesoscale_Eddy_allsats_untracked"
"376","tblMesoscale_Eddy_allsats_untracked","speed_area","speed_area_tblMesoscale_Eddy_allsats_untracked"
"377","tblMesoscale_Eddy_allsats_untracked","speed_average","speed_average_tblMesoscale_Eddy_allsats_untracked"
"378","tblMesoscale_Eddy_allsats_untracked","speed_contour_height","speed_contour_height_tblMesoscale_Eddy_allsats_untracked"
"379","tblMesoscale_Eddy_allsats_untracked","speed_contour_latitude","speed_contour_latitude_tblMesoscale_Eddy_allsats_untracked"
"380","tblMesoscale_Eddy_allsats_untracked","speed_contour_longitude","speed_contour_longitude_tblMesoscale_Eddy_allsats_untracked"
"381","tblMesoscale_Eddy_allsats_untracked","speed_contour_shape_error","speed_contour_shape_error_tblMesoscale_Eddy_allsats_untracked"
"382","tblMesoscale_Eddy_allsats_untracked","speed_radius","speed_radius_tblMesoscale_Eddy_allsats_untracked"
"383","tblMesoscale_Eddy_allsats_untracked","uavg_profile","uavg_profile_tblMesoscale_Eddy_allsats_untracked"
"384","tblMesoscale_Eddy_allsats_untracked","eddy_polarity","eddy_polarity_tblMesoscale_Eddy_allsats_untracked"
"385","tblMesoscale_Eddy_twosats_short","amplitude","amplitude_tblMesoscale_Eddy_twosats_short"
"386","tblMesoscale_Eddy_twosats_short","cost_association","cost_association_tblMesoscale_Eddy_twosats_short"
"387","tblMesoscale_Eddy_twosats_short","effective_area","effective_area_tblMesoscale_Eddy_twosats_short"
"388","tblMesoscale_Eddy_twosats_short","effective_contour_height","effective_contour_height_tblMesoscale_Eddy_twosats_short"
"389","tblMesoscale_Eddy_twosats_short","effective_contour_latitude","effective_contour_latitude_tblMesoscale_Eddy_twosats_short"
"390","tblMesoscale_Eddy_twosats_short","effective_contour_longitude","effective_contour_longitude_tblMesoscale_Eddy_twosats_short"
"391","tblMesoscale_Eddy_twosats_short","effective_contour_shape_error","effective_contour_shape_error_tblMesoscale_Eddy_twosats_short"
"392","tblMesoscale_Eddy_twosats_short","effective_radius","effective_radius_tblMesoscale_Eddy_twosats_short"
"393","tblMesoscale_Eddy_twosats_short","inner_contour_height","inner_contour_height_tblMesoscale_Eddy_twosats_short"
"394","tblMesoscale_Eddy_twosats_short","latitude_max","latitude_max_tblMesoscale_Eddy_twosats_short"
"395","tblMesoscale_Eddy_twosats_short","longitude_max","longitude_max_tblMesoscale_Eddy_twosats_short"
"396","tblMesoscale_Eddy_twosats_short","num_contours","num_contours_tblMesoscale_Eddy_twosats_short"
"397","tblMesoscale_Eddy_twosats_short","num_point_e","num_point_e_tblMesoscale_Eddy_twosats_short"
"398","tblMesoscale_Eddy_twosats_short","num_point_s","num_point_s_tblMesoscale_Eddy_twosats_short"
"399","tblMesoscale_Eddy_twosats_short","observation_flag","observation_flag_tblMesoscale_Eddy_twosats_short"
"400","tblMesoscale_Eddy_twosats_short","observation_number","observation_number_tblMesoscale_Eddy_twosats_short"
"401","tblMesoscale_Eddy_twosats_short","speed_area","speed_area_tblMesoscale_Eddy_twosats_short"
"402","tblMesoscale_Eddy_twosats_short","speed_average","speed_average_tblMesoscale_Eddy_twosats_short"
"403","tblMesoscale_Eddy_twosats_short","speed_contour_height","speed_contour_height_tblMesoscale_Eddy_twosats_short"
"404","tblMesoscale_Eddy_twosats_short","speed_contour_latitude","speed_contour_latitude_tblMesoscale_Eddy_twosats_short"
"405","tblMesoscale_Eddy_twosats_short","speed_contour_longitude","speed_contour_longitude_tblMesoscale_Eddy_twosats_short"
"406","tblMesoscale_Eddy_twosats_short","speed_contour_shape_error","speed_contour_shape_error_tblMesoscale_Eddy_twosats_short"
"407","tblMesoscale_Eddy_twosats_short","speed_radius","speed_radius_tblMesoscale_Eddy_twosats_short"
"408","tblMesoscale_Eddy_twosats_short","track","track_tblMesoscale_Eddy_twosats_short"
"409","tblMesoscale_Eddy_twosats_short","uavg_profile","uavg_profile_tblMesoscale_Eddy_twosats_short"
"410","tblMesoscale_Eddy_twosats_short","eddy_polarity","eddy_polarity_tblMesoscale_Eddy_twosats_short"
"411","tblMesoscale_Eddy_twosats_long","amplitude","amplitude_tblMesoscale_Eddy_twosats_long"
"412","tblMesoscale_Eddy_twosats_long","cost_association","cost_association_tblMesoscale_Eddy_twosats_long"
"413","tblMesoscale_Eddy_twosats_long","effective_area","effective_area_tblMesoscale_Eddy_twosats_long"
"414","tblMesoscale_Eddy_twosats_long","effective_contour_height","effective_contour_height_tblMesoscale_Eddy_twosats_long"
"415","tblMesoscale_Eddy_twosats_long","effective_contour_latitude","effective_contour_latitude_tblMesoscale_Eddy_twosats_long"
"416","tblMesoscale_Eddy_twosats_long","effective_contour_longitude","effective_contour_longitude_tblMesoscale_Eddy_twosats_long"
"417","tblMesoscale_Eddy_twosats_long","effective_contour_shape_error","effective_contour_shape_error_tblMesoscale_Eddy_twosats_long"
"418","tblMesoscale_Eddy_twosats_long","effective_radius","effective_radius_tblMesoscale_Eddy_twosats_long"
"419","tblMesoscale_Eddy_twosats_long","inner_contour_height","inner_contour_height_tblMesoscale_Eddy_twosats_long"
"420","tblMesoscale_Eddy_twosats_long","latitude_max","latitude_max_tblMesoscale_Eddy_twosats_long"
"421","tblMesoscale_Eddy_twosats_long","longitude_max","longitude_max_tblMesoscale_Eddy_twosats_long"
"422","tblMesoscale_Eddy_twosats_long","num_contours","num_contours_tblMesoscale_Eddy_twosats_long"
"423","tblMesoscale_Eddy_twosats_long","num_point_e","num_point_e_tblMesoscale_Eddy_twosats_long"
"424","tblMesoscale_Eddy_twosats_long","num_point_s","num_point_s_tblMesoscale_Eddy_twosats_long"
"425","tblMesoscale_Eddy_twosats_long","observation_flag","observation_flag_tblMesoscale_Eddy_twosats_long"
"426","tblMesoscale_Eddy_twosats_long","observation_number","observation_number_tblMesoscale_Eddy_twosats_long"
"427","tblMesoscale_Eddy_twosats_long","speed_area","speed_area_tblMesoscale_Eddy_twosats_long"
"428","tblMesoscale_Eddy_twosats_long","speed_average","speed_average_tblMesoscale_Eddy_twosats_long"
"429","tblMesoscale_Eddy_twosats_long","speed_contour_height","speed_contour_height_tblMesoscale_Eddy_twosats_long"
"430","tblMesoscale_Eddy_twosats_long","speed_contour_latitude","speed_contour_latitude_tblMesoscale_Eddy_twosats_long"
"431","tblMesoscale_Eddy_twosats_long","speed_contour_longitude","speed_contour_longitude_tblMesoscale_Eddy_twosats_long"
"432","tblMesoscale_Eddy_twosats_long","speed_contour_shape_error","speed_contour_shape_error_tblMesoscale_Eddy_twosats_long"
"433","tblMesoscale_Eddy_twosats_long","speed_radius","speed_radius_tblMesoscale_Eddy_twosats_long"
"434","tblMesoscale_Eddy_twosats_long","track","track_tblMesoscale_Eddy_twosats_long"
"435","tblMesoscale_Eddy_twosats_long","uavg_profile","uavg_profile_tblMesoscale_Eddy_twosats_long"
"436","tblMesoscale_Eddy_twosats_long","eddy_polarity","eddy_polarity_tblMesoscale_Eddy_twosats_long"
"437","tblMesoscale_Eddy_twosats_untracked","amplitude","amplitude_tblMesoscale_Eddy_twosats_untracked"
"438","tblMesoscale_Eddy_twosats_untracked","effective_area","effective_area_tblMesoscale_Eddy_twosats_untracked"
"439","tblMesoscale_Eddy_twosats_untracked","effective_contour_height","effective_contour_height_tblMesoscale_Eddy_twosats_untracked"
"440","tblMesoscale_Eddy_twosats_untracked","effective_contour_latitude","effective_contour_latitude_tblMesoscale_Eddy_twosats_untracked"
"441","tblMesoscale_Eddy_twosats_untracked","effective_contour_longitude","effective_contour_longitude_tblMesoscale_Eddy_twosats_untracked"
"442","tblMesoscale_Eddy_twosats_untracked","effective_contour_shape_error","effective_contour_shape_error_tblMesoscale_Eddy_twosats_untracked"
"443","tblMesoscale_Eddy_twosats_untracked","effective_radius","effective_radius_tblMesoscale_Eddy_twosats_untracked"
"444","tblMesoscale_Eddy_twosats_untracked","inner_contour_height","inner_contour_height_tblMesoscale_Eddy_twosats_untracked"
"445","tblMesoscale_Eddy_twosats_untracked","latitude_max","latitude_max_tblMesoscale_Eddy_twosats_untracked"
"446","tblMesoscale_Eddy_twosats_untracked","longitude_max","longitude_max_tblMesoscale_Eddy_twosats_untracked"
"447","tblMesoscale_Eddy_twosats_untracked","num_contours","num_contours_tblMesoscale_Eddy_twosats_untracked"
"448","tblMesoscale_Eddy_twosats_untracked","num_point_e","num_point_e_tblMesoscale_Eddy_twosats_untracked"
"449","tblMesoscale_Eddy_twosats_untracked","num_point_s","num_point_s_tblMesoscale_Eddy_twosats_untracked"
"450","tblMesoscale_Eddy_twosats_untracked","speed_area","speed_area_tblMesoscale_Eddy_twosats_untracked"
"451","tblMesoscale_Eddy_twosats_untracked","speed_average","speed_average_tblMesoscale_Eddy_twosats_untracked"
"452","tblMesoscale_Eddy_twosats_untracked","speed_contour_height","speed_contour_height_tblMesoscale_Eddy_twosats_untracked"
"453","tblMesoscale_Eddy_twosats_untracked","speed_contour_latitude","speed_contour_latitude_tblMesoscale_Eddy_twosats_untracked"
"454","tblMesoscale_Eddy_twosats_untracked","speed_contour_longitude","speed_contour_longitude_tblMesoscale_Eddy_twosats_untracked"
"455","tblMesoscale_Eddy_twosats_untracked","speed_contour_shape_error","speed_contour_shape_error_tblMesoscale_Eddy_twosats_untracked"
"456","tblMesoscale_Eddy_twosats_untracked","speed_radius","speed_radius_tblMesoscale_Eddy_twosats_untracked"
"457","tblMesoscale_Eddy_twosats_untracked","uavg_profile","uavg_profile_tblMesoscale_Eddy_twosats_untracked"
"458","tblMesoscale_Eddy_twosats_untracked","eddy_polarity","eddy_polarity_tblMesoscale_Eddy_twosats_untracked"
"459","tblWind_NRT_hourly","eastward_wind","eastward_wind_tblWind_NRT_hourly"
"460","tblWind_NRT_hourly","eastward_wind_bias","eastward_wind_bias_tblWind_NRT_hourly"
"461","tblWind_NRT_hourly","eastward_wind_sdd","eastward_wind_sdd_tblWind_NRT_hourly"
"462","tblWind_NRT_hourly","northward_wind","northward_wind_tblWind_NRT_hourly"
"463","tblWind_NRT_hourly","northward_wind_bias","northward_wind_bias_tblWind_NRT_hourly"
"464","tblWind_NRT_hourly","northward_wind_sdd","northward_wind_sdd_tblWind_NRT_hourly"
"465","tblWind_NRT_hourly","wind_divergence","wind_divergence_tblWind_NRT_hourly"
"466","tblWind_NRT_hourly","wind_divergence_bias","wind_divergence_bias_tblWind_NRT_hourly"
"467","tblWind_NRT_hourly","wind_divergence_dv","wind_divergence_dv_tblWind_NRT_hourly"
"468","tblWind_NRT_hourly","wind_curl","wind_curl_tblWind_NRT_hourly"
"469","tblWind_NRT_hourly","wind_curl_bias","wind_curl_bias_tblWind_NRT_hourly"
"470","tblWind_NRT_hourly","wind_curl_dv","wind_curl_dv_tblWind_NRT_hourly"
"471","tblWind_NRT_hourly","eastward_stress","eastward_stress_tblWind_NRT_hourly"
"472","tblWind_NRT_hourly","eastward_stress_bias","eastward_stress_bias_tblWind_NRT_hourly"
"473","tblWind_NRT_hourly","eastward_stress_sdd","eastward_stress_sdd_tblWind_NRT_hourly"
"474","tblWind_NRT_hourly","northward_stress","northward_stress_tblWind_NRT_hourly"
"475","tblWind_NRT_hourly","northward_stress_bias","northward_stress_bias_tblWind_NRT_hourly"
"476","tblWind_NRT_hourly","northward_stress_sdd","northward_stress_sdd_tblWind_NRT_hourly"
"477","tblWind_NRT_hourly","stress_divergence","stress_divergence_tblWind_NRT_hourly"
"478","tblWind_NRT_hourly","stress_divergence_bias","stress_divergence_bias_tblWind_NRT_hourly"
"479","tblWind_NRT_hourly","stress_divergence_dv","stress_divergence_dv_tblWind_NRT_hourly"
"480","tblWind_NRT_hourly","stress_curl","stress_curl_tblWind_NRT_hourly"
"481","tblWind_NRT_hourly","stress_curl_bias","stress_curl_bias_tblWind_NRT_hourly"
"482","tblWind_NRT_hourly","stress_curl_dv","stress_curl_dv_tblWind_NRT_hourly"
"483","tblWind_NRT_hourly","air_density","air_density_tblWind_NRT_hourly"
"484","tblWind_NRT_hourly","number_of_observations","number_of_observations_tblWind_NRT_hourly"
"485","tblWind_NRT_hourly","number_of_observations_divcurl","number_of_observations_divcurl_tblWind_NRT_hourly"
"486","tblAltimetry_REP_Signal","sla","sla_tblAltimetry_REP_Signal"
"487","tblAltimetry_REP_Signal","err_sla","err_sla_tblAltimetry_REP_Signal"
"488","tblAltimetry_REP_Signal","ugosa","ugosa_tblAltimetry_REP_Signal"
"489","tblAltimetry_REP_Signal","err_ugosa","err_ugosa_tblAltimetry_REP_Signal"
"490","tblAltimetry_REP_Signal","vgosa","vgosa_tblAltimetry_REP_Signal"
"491","tblAltimetry_REP_Signal","err_vgosa","err_vgosa_tblAltimetry_REP_Signal"
"492","tblAltimetry_REP_Signal","adt","adt_tblAltimetry_REP_Signal"
"493","tblAltimetry_REP_Signal","ugos","ugos_tblAltimetry_REP_Signal"
"494","tblAltimetry_REP_Signal","vgos","vgos_tblAltimetry_REP_Signal"
"495","tblAltimetry_REP_Signal","flag_ice","flag_ice_tblAltimetry_REP_Signal"
"496","tblAltimetry_REP_Signal","tpa_correction","tpa_correction_tblAltimetry_REP_Signal"
"497","tblPisces_Forecast_cl1","chl","chl_tblPisces_Forecast_cl1"
"498","tblPisces_Forecast_cl1","fe","fe_tblPisces_Forecast_cl1"
"499","tblPisces_Forecast_cl1","o2","o2_tblPisces_Forecast_cl1"
"500","tblPisces_Forecast_cl1","no3","no3_tblPisces_Forecast_cl1"
"501","tblPisces_Forecast_cl1","po4","po4_tblPisces_Forecast_cl1"
"502","tblPisces_Forecast_cl1","phyc","phyc_tblPisces_Forecast_cl1"
"503","tblPisces_Forecast_cl1","si","si_tblPisces_Forecast_cl1"
"504","tblPisces_Forecast_cl1","nppv","nppv_tblPisces_Forecast_cl1"
"505","tblPisces_Forecast_cl1","ph","ph_tblPisces_Forecast_cl1"
"506","tblPisces_Forecast_cl1","spco2","spco2_tblPisces_Forecast_cl1"
"507","tblPisces_Forecast_cl1","talk","talk_tblPisces_Forecast_cl1"
"508","tblPisces_Forecast_cl1","dissic","dissic_tblPisces_Forecast_cl1"
"509","tblSOCATv2022_tracks_gridded_month","COUNT_NCRUISE_YEAR","COUNT_NCRUISE_YEAR_tblSOCATv2022_tracks_gridded_month"
"510","tblSOCATv2022_tracks_gridded_month","FCO2_COUNT_NOBS_YEAR","FCO2_COUNT_NOBS_YEAR_tblSOCATv2022_tracks_gridded_month"
"511","tblSOCATv2022_tracks_gridded_month","FCO2_AVE_WEIGHTED_YEAR","FCO2_AVE_WEIGHTED_YEAR_tblSOCATv2022_tracks_gridded_month"
"512","tblSOCATv2022_tracks_gridded_month","FCO2_AVE_UNWTD_YEAR","FCO2_AVE_UNWTD_YEAR_tblSOCATv2022_tracks_gridded_month"
"513","tblSOCATv2022_tracks_gridded_month","FCO2_MIN_UNWTD_YEAR","FCO2_MIN_UNWTD_YEAR_tblSOCATv2022_tracks_gridded_month"
"514","tblSOCATv2022_tracks_gridded_month","FCO2_MAX_UNWTD_YEAR","FCO2_MAX_UNWTD_YEAR_tblSOCATv2022_tracks_gridded_month"
"515","tblSOCATv2022_tracks_gridded_month","SST_COUNT_NOBS_YEAR","SST_COUNT_NOBS_YEAR_tblSOCATv2022_tracks_gridded_month"
"516","tblSOCATv2022_tracks_gridded_month","SST_AVE_WEIGHTED_YEAR","SST_AVE_WEIGHTED_YEAR_tblSOCATv2022_tracks_gridded_month"
"517","tblSOCATv2022_tracks_gridded_month","SST_AVE_UNWTD_YEAR","SST_AVE_UNWTD_YEAR_tblSOCATv2022_tracks_gridded_month"
"518","tblSOCATv2022_tracks_gridded_month","SST_MIN_UNWTD_YEAR","SST_MIN_UNWTD_YEAR_tblSOCATv2022_tracks_gridded_month"
"519","tblSOCATv2022_tracks_gridded_month","SST_MAX_UNWTD_YEAR","SST_MAX_UNWTD_YEAR_tblSOCATv2022_tracks_gridded_month"
"520","tblSOCATv2022_tracks_gridded_month","SALINITY_COUNT_NOBS_YEAR","SALINITY_COUNT_NOBS_YEAR_tblSOCATv2022_tracks_gridded_month"
"521","tblSOCATv2022_tracks_gridded_month","SALINITY_AVE_WEIGHTED_YEAR","SALINITY_AVE_WEIGHTED_YEAR_tblSOCATv2022_tracks_gridded_month"
"522","tblSOCATv2022_tracks_gridded_month","SALINITY_AVE_UNWTD_YEAR","SALINITY_AVE_UNWTD_YEAR_tblSOCATv2022_tracks_gridded_month"
"523","tblSOCATv2022_tracks_gridded_month","SALINITY_MIN_UNWTD_YEAR","SALINITY_MIN_UNWTD_YEAR_tblSOCATv2022_tracks_gridded_month"
"524","tblSOCATv2022_tracks_gridded_month","SALINITY_MAX_UNWTD_YEAR","SALINITY_MAX_UNWTD_YEAR_tblSOCATv2022_tracks_gridded_month"
"525","tblLCS_REP","disp_bw_sla","disp_bw_sla_tblLCS_REP"
"526","tblLCS_REP","disp_fw_sla","disp_fw_sla_tblLCS_REP"
"527","tblLCS_REP","ftle_bw_sla","ftle_bw_sla_tblLCS_REP"
"528","tblLCS_REP","ftle_fw_sla","ftle_fw_sla_tblLCS_REP"
"529","tblGEBCO_2022_Grid_Ice_Surface","elevation","elevation_tblGEBCO_2022_Grid_Ice_Surface"
"530","tblSOCATv2022","sample_depth","sample_depth_tblSOCATv2022"
"531","tblSOCATv2022","Expocode","Expocode_tblSOCATv2022"
"532","tblSOCATv2022","version","version_tblSOCATv2022"
"533","tblSOCATv2022","Source_DOI","Source_DOI_tblSOCATv2022"
"534","tblSOCATv2022","QC_Flag","QC_Flag_tblSOCATv2022"
"535","tblSOCATv2022","sal","sal_tblSOCATv2022"
"536","tblSOCATv2022","SST","SST_tblSOCATv2022"
"537","tblSOCATv2022","Tequ","Tequ_tblSOCATv2022"
"538","tblSOCATv2022","PPPP","PPPP_tblSOCATv2022"
"539","tblSOCATv2022","Pequ","Pequ_tblSOCATv2022"
"540","tblSOCATv2022","WOA_SSS","WOA_SSS_tblSOCATv2022"
"541","tblSOCATv2022","NCEP_SLP","NCEP_SLP_tblSOCATv2022"
"542","tblSOCATv2022","ETOPO2_depth","ETOPO2_depth_tblSOCATv2022"
"543","tblSOCATv2022","dist_to_land","dist_to_land_tblSOCATv2022"
"544","tblSOCATv2022","GVCO2","GVCO2_tblSOCATv2022"
"545","tblSOCATv2022","xCO2water_equ_dry","xCO2water_equ_dry_tblSOCATv2022"
"546","tblSOCATv2022","xCO2water_SST_dry","xCO2water_SST_dry_tblSOCATv2022"
"547","tblSOCATv2022","pCO2water_equ_wet","pCO2water_equ_wet_tblSOCATv2022"
"548","tblSOCATv2022","pCO2water_SST_wet","pCO2water_SST_wet_tblSOCATv2022"
"549","tblSOCATv2022","fCO2water_equ_wet","fCO2water_equ_wet_tblSOCATv2022"
"550","tblSOCATv2022","fCO2water_SST_wet","fCO2water_SST_wet_tblSOCATv2022"
"551","tblSOCATv2022","fCO2rec","fCO2rec_tblSOCATv2022"
"552","tblSOCATv2022","fCO2rec_src","fCO2rec_src_tblSOCATv2022"
"553","tblSOCATv2022","fCO2rec_flag","fCO2rec_flag_tblSOCATv2022"
"554","tblModis_POC_cl1","POC","POC_tblModis_POC_cl1"
"555","tblModis_CHL_cl1","chlor_a","chlor_a_tblModis_CHL_cl1"
"556","tblSSS_NRT_cl1","sss_smap","sss_smap_tblSSS_NRT_cl1"
"557","tblModis_PAR_cl1","PAR","PAR_tblModis_PAR_cl1"
"558","tblArgo_MLD_2022_Climatology","mls_da_argo_clim","mls_da_argo_clim_tblArgo_MLD_2022_Climatology"
"559","tblArgo_MLD_2022_Climatology","mls_dt_argo_clim","mls_dt_argo_clim_tblArgo_MLD_2022_Climatology"
"560","tblArgo_MLD_2022_Climatology","mlt_da_argo_clim","mlt_da_argo_clim_tblArgo_MLD_2022_Climatology"
"561","tblArgo_MLD_2022_Climatology","mlt_dt_argo_clim","mlt_dt_argo_clim_tblArgo_MLD_2022_Climatology"
"562","tblArgo_MLD_2022_Climatology","mlpd_da_argo_clim","mlpd_da_argo_clim_tblArgo_MLD_2022_Climatology"
"563","tblArgo_MLD_2022_Climatology","mlpd_dt_argo_clim","mlpd_dt_argo_clim_tblArgo_MLD_2022_Climatology"
"564","tblArgo_MLD_2022_Climatology","mld_da_max_argo_clim","mld_da_max_argo_clim_tblArgo_MLD_2022_Climatology"
"565","tblArgo_MLD_2022_Climatology","mld_dt_max_argo_clim","mld_dt_max_argo_clim_tblArgo_MLD_2022_Climatology"
"566","tblArgo_MLD_2022_Climatology","mld_da_mean_argo_clim","mld_da_mean_argo_clim_tblArgo_MLD_2022_Climatology"
"567","tblArgo_MLD_2022_Climatology","mld_dt_mean_argo_clim","mld_dt_mean_argo_clim_tblArgo_MLD_2022_Climatology"
"568","tblArgo_MLD_2022_Climatology","mld_da_median_argo_clim","mld_da_median_argo_clim_tblArgo_MLD_2022_Climatology"
"569","tblArgo_MLD_2022_Climatology","mld_dt_median_argo_clim","mld_dt_median_argo_clim_tblArgo_MLD_2022_Climatology"
"570","tblArgo_MLD_2022_Climatology","num_profiles_argo_clim","num_profiles_argo_clim_tblArgo_MLD_2022_Climatology"
"571","tblArgo_MLD_2022_Climatology","mld_da_std_argo_clim","mld_da_std_argo_clim_tblArgo_MLD_2022_Climatology"
"572","tblArgo_MLD_2022_Climatology","mld_dt_std_argo_clim","mld_dt_std_argo_clim_tblArgo_MLD_2022_Climatology"
"573","tblModis_POC_NRT","POC","POC_tblModis_POC_NRT"
"574","tblModis_CHL_NRT","chlor_a","chlor_a_tblModis_CHL_NRT"
"575","tblModis_PAR_NRT","PAR","PAR_tblModis_PAR_NRT"
"576","tblAltimetry_NRT_Signal","sla","sla_tblAltimetry_NRT_Signal"
"577","tblAltimetry_NRT_Signal","err_sla","err_sla_tblAltimetry_NRT_Signal"
"578","tblAltimetry_NRT_Signal","ugosa","ugosa_tblAltimetry_NRT_Signal"
"579","tblAltimetry_NRT_Signal","err_ugosa","err_ugosa_tblAltimetry_NRT_Signal"
"580","tblAltimetry_NRT_Signal","vgosa","vgosa_tblAltimetry_NRT_Signal"
"581","tblAltimetry_NRT_Signal","err_vgosa","err_vgosa_tblAltimetry_NRT_Signal"
"582","tblAltimetry_NRT_Signal","adt","adt_tblAltimetry_NRT_Signal"
"583","tblAltimetry_NRT_Signal","ugos","ugos_tblAltimetry_NRT_Signal"
"584","tblAltimetry_NRT_Signal","vgos","vgos_tblAltimetry_NRT_Signal"
"585","tblAltimetry_NRT_Signal","flag_ice","flag_ice_tblAltimetry_NRT_Signal"
"586","tblGeotraces_Seawater_IDP2021v2","N_SAMPLES","N_SAMPLES_tblGeotraces_Seawater_IDP2021v2"
"587","tblGeotraces_Seawater_IDP2021v2","N_STATIONS","N_STATIONS_tblGeotraces_Seawater_IDP2021v2"
"588","tblGeotraces_Seawater_IDP2021v2","cruise_id","cruise_id_tblGeotraces_Seawater_IDP2021v2"
"589","tblGeotraces_Seawater_IDP2021v2","station_id","station_id_tblGeotraces_Seawater_IDP2021v2"
"590","tblGeotraces_Seawater_IDP2021v2","station_type","station_type_tblGeotraces_Seawater_IDP2021v2"
"591","tblGeotraces_Seawater_IDP2021v2","Bot__Depth","Bot__Depth_tblGeotraces_Seawater_IDP2021v2"
"592","tblGeotraces_Seawater_IDP2021v2","Operator_s_Cruise_Name","Operator_s_Cruise_Name_tblGeotraces_Seawater_IDP2021v2"
"593","tblGeotraces_Seawater_IDP2021v2","Ship_Name","Ship_Name_tblGeotraces_Seawater_IDP2021v2"
"594","tblGeotraces_Seawater_IDP2021v2","Period","Period_tblGeotraces_Seawater_IDP2021v2"
"595","tblGeotraces_Seawater_IDP2021v2","Chief_Scientist","Chief_Scientist_tblGeotraces_Seawater_IDP2021v2"
"596","tblGeotraces_Seawater_IDP2021v2","GEOTRACES_Scientist","GEOTRACES_Scientist_tblGeotraces_Seawater_IDP2021v2"
"597","tblGeotraces_Seawater_IDP2021v2","Cruise_Aliases","Cruise_Aliases_tblGeotraces_Seawater_IDP2021v2"
"598","tblGeotraces_Seawater_IDP2021v2","Cruise_Information_Link","Cruise_Information_Link_tblGeotraces_Seawater_IDP2021v2"
"599","tblGeotraces_Seawater_IDP2021v2","BODC_Cruise_Number","BODC_Cruise_Number_tblGeotraces_Seawater_IDP2021v2"
"600","tblGeotraces_Seawater_IDP2021v2","CTDPRS_T_VALUE_SENSOR","CTDPRS_T_VALUE_SENSOR_tblGeotraces_Seawater_IDP2021v2"
"601","tblGeotraces_Seawater_IDP2021v2","CTDPRS_T_VALUE_SENSOR_qc","CTDPRS_T_VALUE_SENSOR_qc_tblGeotraces_Seawater_IDP2021v2"
"602","tblGeotraces_Seawater_IDP2021v2","DEPTH_SENSOR","DEPTH_SENSOR_tblGeotraces_Seawater_IDP2021v2"
"603","tblGeotraces_Seawater_IDP2021v2","DEPTH_SENSOR_qc","DEPTH_SENSOR_qc_tblGeotraces_Seawater_IDP2021v2"
"604","tblGeotraces_Seawater_IDP2021v2","Rosette_Bottle_Number","Rosette_Bottle_Number_tblGeotraces_Seawater_IDP2021v2"
"605","tblGeotraces_Seawater_IDP2021v2","Rosette_Bottle_Number_qc","Rosette_Bottle_Number_qc_tblGeotraces_Seawater_IDP2021v2"
"606","tblGeotraces_Seawater_IDP2021v2","GEOTRACES_Sample_ID","GEOTRACES_Sample_ID_tblGeotraces_Seawater_IDP2021v2"
"607","tblGeotraces_Seawater_IDP2021v2","GEOTRACES_Sample_ID_qc","GEOTRACES_Sample_ID_qc_tblGeotraces_Seawater_IDP2021v2"
"608","tblGeotraces_Seawater_IDP2021v2","Bottle_Flag","Bottle_Flag_tblGeotraces_Seawater_IDP2021v2"
"609","tblGeotraces_Seawater_IDP2021v2","Bottle_Flag_qc","Bottle_Flag_qc_tblGeotraces_Seawater_IDP2021v2"
"610","tblGeotraces_Seawater_IDP2021v2","Cast_Identifier","Cast_Identifier_tblGeotraces_Seawater_IDP2021v2"
"611","tblGeotraces_Seawater_IDP2021v2","Cast_Identifier_qc","Cast_Identifier_qc_tblGeotraces_Seawater_IDP2021v2"
"612","tblGeotraces_Seawater_IDP2021v2","Sampling_Device","Sampling_Device_tblGeotraces_Seawater_IDP2021v2"
"613","tblGeotraces_Seawater_IDP2021v2","Sampling_Device_qc","Sampling_Device_qc_tblGeotraces_Seawater_IDP2021v2"
"614","tblGeotraces_Seawater_IDP2021v2","BODC_Bottle_Number","BODC_Bottle_Number_tblGeotraces_Seawater_IDP2021v2"
"615","tblGeotraces_Seawater_IDP2021v2","BODC_Bottle_Number_qc","BODC_Bottle_Number_qc_tblGeotraces_Seawater_IDP2021v2"
"616","tblGeotraces_Seawater_IDP2021v2","BODC_Event_Number","BODC_Event_Number_tblGeotraces_Seawater_IDP2021v2"
"617","tblGeotraces_Seawater_IDP2021v2","BODC_Event_Number_qc","BODC_Event_Number_qc_tblGeotraces_Seawater_IDP2021v2"
"618","tblGeotraces_Seawater_IDP2021v2","Single_Cell_ID","Single_Cell_ID_tblGeotraces_Seawater_IDP2021v2"
"619","tblGeotraces_Seawater_IDP2021v2","Single_Cell_ID_qc","Single_Cell_ID_qc_tblGeotraces_Seawater_IDP2021v2"
"620","tblGeotraces_Seawater_IDP2021v2","NCBI_Metagenome_BioSample_Accession","NCBI_Metagenome_BioSample_Accession_tblGeotraces_Seawater_IDP2021v2"
"621","tblGeotraces_Seawater_IDP2021v2","NCBI_Metagenome_BioSample_Accession_qc","NCBI_Metagenome_BioSample_Accession_qc_tblGeotraces_Seawater_IDP2021v2"
"622","tblGeotraces_Seawater_IDP2021v2","NCBI_Single_Cell_Genome_BioProject_Accession","NCBI_Single_Cell_Genome_BioProject_Accession_tblGeotraces_Seawater_IDP2021v2"
"623","tblGeotraces_Seawater_IDP2021v2","NCBI_Single_Cell_Genome_BioProject_Accession_qc","NCBI_Single_Cell_Genome_BioProject_Accession_qc_tblGeotraces_Seawater_IDP2021v2"
"624","tblGeotraces_Seawater_IDP2021v2","NCBI_16S_18S_rRNA_gene_BioSample_Accession","NCBI_16S_18S_rRNA_gene_BioSample_Accession_tblGeotraces_Seawater_IDP2021v2"
"625","tblGeotraces_Seawater_IDP2021v2","NCBI_16S_18S_rRNA_gene_BioSample_Accession_qc","NCBI_16S_18S_rRNA_gene_BioSample_Accession_qc_tblGeotraces_Seawater_IDP2021v2"
"626","tblGeotraces_Seawater_IDP2021v2","EMBL_EBI_Metagenome_MGNIFY_Analysis_Accession","EMBL_EBI_Metagenome_MGNIFY_Analysis_Accession_tblGeotraces_Seawater_IDP2021v2"
"627","tblGeotraces_Seawater_IDP2021v2","EMBL_EBI_Metagenome_MGNIFY_Analysis_Accession_qc","EMBL_EBI_Metagenome_MGNIFY_Analysis_Accession_qc_tblGeotraces_Seawater_IDP2021v2"
"628","tblGeotraces_Seawater_IDP2021v2","CTDTMP_T_VALUE_SENSOR","CTDTMP_T_VALUE_SENSOR_tblGeotraces_Seawater_IDP2021v2"
"629","tblGeotraces_Seawater_IDP2021v2","CTDTMP_T_VALUE_SENSOR_qc","CTDTMP_T_VALUE_SENSOR_qc_tblGeotraces_Seawater_IDP2021v2"
"630","tblGeotraces_Seawater_IDP2021v2","CTDSAL_D_CONC_SENSOR","CTDSAL_D_CONC_SENSOR_tblGeotraces_Seawater_IDP2021v2"
"631","tblGeotraces_Seawater_IDP2021v2","CTDSAL_D_CONC_SENSOR_qc","CTDSAL_D_CONC_SENSOR_qc_tblGeotraces_Seawater_IDP2021v2"
"632","tblGeotraces_Seawater_IDP2021v2","SALINITY_D_CONC_BOTTLE","SALINITY_D_CONC_BOTTLE_tblGeotraces_Seawater_IDP2021v2"
"633","tblGeotraces_Seawater_IDP2021v2","SALINITY_D_CONC_BOTTLE_qc","SALINITY_D_CONC_BOTTLE_qc_tblGeotraces_Seawater_IDP2021v2"
"634","tblGeotraces_Seawater_IDP2021v2","CFC_11_D_CONC_BOTTLE","CFC_11_D_CONC_BOTTLE_tblGeotraces_Seawater_IDP2021v2"
"635","tblGeotraces_Seawater_IDP2021v2","CFC_11_D_CONC_BOTTLE_qc","CFC_11_D_CONC_BOTTLE_qc_tblGeotraces_Seawater_IDP2021v2"
"636","tblGeotraces_Seawater_IDP2021v2","CFC_12_D_CONC_BOTTLE","CFC_12_D_CONC_BOTTLE_tblGeotraces_Seawater_IDP2021v2"
"637","tblGeotraces_Seawater_IDP2021v2","CFC_12_D_CONC_BOTTLE_qc","CFC_12_D_CONC_BOTTLE_qc_tblGeotraces_Seawater_IDP2021v2"
"638","tblGeotraces_Seawater_IDP2021v2","CFC113_D_CONC_BOTTLE","CFC113_D_CONC_BOTTLE_tblGeotraces_Seawater_IDP2021v2"
"639","tblGeotraces_Seawater_IDP2021v2","CFC113_D_CONC_BOTTLE_qc","CFC113_D_CONC_BOTTLE_qc_tblGeotraces_Seawater_IDP2021v2"
"640","tblGeotraces_Seawater_IDP2021v2","SF6_D_CONC_BOTTLE","SF6_D_CONC_BOTTLE_tblGeotraces_Seawater_IDP2021v2"
"641","tblGeotraces_Seawater_IDP2021v2","SF6_D_CONC_BOTTLE_qc","SF6_D_CONC_BOTTLE_qc_tblGeotraces_Seawater_IDP2021v2"
"642","tblGeotraces_Seawater_IDP2021v2","He_D_CONC_BOTTLE","He_D_CONC_BOTTLE_tblGeotraces_Seawater_IDP2021v2"
"643","tblGeotraces_Seawater_IDP2021v2","He_D_CONC_BOTTLE_qc","He_D_CONC_BOTTLE_qc_tblGeotraces_Seawater_IDP2021v2"
"644","tblGeotraces_Seawater_IDP2021v2","Ne_D_CONC_BOTTLE","Ne_D_CONC_BOTTLE_tblGeotraces_Seawater_IDP2021v2"
"645","tblGeotraces_Seawater_IDP2021v2","Ne_D_CONC_BOTTLE_qc","Ne_D_CONC_BOTTLE_qc_tblGeotraces_Seawater_IDP2021v2"
"646","tblGeotraces_Seawater_IDP2021v2","Ar_D_CONC_BOTTLE","Ar_D_CONC_BOTTLE_tblGeotraces_Seawater_IDP2021v2"
"647","tblGeotraces_Seawater_IDP2021v2","Ar_D_CONC_BOTTLE_qc","Ar_D_CONC_BOTTLE_qc_tblGeotraces_Seawater_IDP2021v2"
"648","tblGeotraces_Seawater_IDP2021v2","Kr_D_CONC_BOTTLE","Kr_D_CONC_BOTTLE_tblGeotraces_Seawater_IDP2021v2"
"649","tblGeotraces_Seawater_IDP2021v2","Kr_D_CONC_BOTTLE_qc","Kr_D_CONC_BOTTLE_qc_tblGeotraces_Seawater_IDP2021v2"
"650","tblGeotraces_Seawater_IDP2021v2","Xe_D_CONC_BOTTLE","Xe_D_CONC_BOTTLE_tblGeotraces_Seawater_IDP2021v2"
"651","tblGeotraces_Seawater_IDP2021v2","Xe_D_CONC_BOTTLE_qc","Xe_D_CONC_BOTTLE_qc_tblGeotraces_Seawater_IDP2021v2"
"652","tblGeotraces_Seawater_IDP2021v2","SALINITY_D_CONC_PUMP","SALINITY_D_CONC_PUMP_tblGeotraces_Seawater_IDP2021v2"
"653","tblGeotraces_Seawater_IDP2021v2","SALINITY_D_CONC_PUMP_qc","SALINITY_D_CONC_PUMP_qc_tblGeotraces_Seawater_IDP2021v2"
"654","tblGeotraces_Seawater_IDP2021v2","SALINITY_D_CONC_FISH","SALINITY_D_CONC_FISH_tblGeotraces_Seawater_IDP2021v2"
"655","tblGeotraces_Seawater_IDP2021v2","SALINITY_D_CONC_FISH_qc","SALINITY_D_CONC_FISH_qc_tblGeotraces_Seawater_IDP2021v2"
"656","tblGeotraces_Seawater_IDP2021v2","SALINITY_D_CONC_UWAY","SALINITY_D_CONC_UWAY_tblGeotraces_Seawater_IDP2021v2"
"657","tblGeotraces_Seawater_IDP2021v2","SALINITY_D_CONC_UWAY_qc","SALINITY_D_CONC_UWAY_qc_tblGeotraces_Seawater_IDP2021v2"
"658","tblGeotraces_Seawater_IDP2021v2","CFC_11_D_CONC_UWAY","CFC_11_D_CONC_UWAY_tblGeotraces_Seawater_IDP2021v2"
"659","tblGeotraces_Seawater_IDP2021v2","CFC_11_D_CONC_UWAY_qc","CFC_11_D_CONC_UWAY_qc_tblGeotraces_Seawater_IDP2021v2"
"660","tblGeotraces_Seawater_IDP2021v2","CFC_12_D_CONC_UWAY","CFC_12_D_CONC_UWAY_tblGeotraces_Seawater_IDP2021v2"
"661","tblGeotraces_Seawater_IDP2021v2","CFC_12_D_CONC_UWAY_qc","CFC_12_D_CONC_UWAY_qc_tblGeotraces_Seawater_IDP2021v2"
"662","tblGeotraces_Seawater_IDP2021v2","CFC113_D_CONC_UWAY","CFC113_D_CONC_UWAY_tblGeotraces_Seawater_IDP2021v2"
"663","tblGeotraces_Seawater_IDP2021v2","CFC113_D_CONC_UWAY_qc","CFC113_D_CONC_UWAY_qc_tblGeotraces_Seawater_IDP2021v2"
"664","tblGeotraces_Seawater_IDP2021v2","SF6_D_CONC_UWAY","SF6_D_CONC_UWAY_tblGeotraces_Seawater_IDP2021v2"
"665","tblGeotraces_Seawater_IDP2021v2","SF6_D_CONC_UWAY_qc","SF6_D_CONC_UWAY_qc_tblGeotraces_Seawater_IDP2021v2"
"666","tblGeotraces_Seawater_IDP2021v2","SALINITY_D_CONC_BOAT_PUMP","SALINITY_D_CONC_BOAT_PUMP_tblGeotraces_Seawater_IDP2021v2"
"667","tblGeotraces_Seawater_IDP2021v2","SALINITY_D_CONC_BOAT_PUMP_qc","SALINITY_D_CONC_BOAT_PUMP_qc_tblGeotraces_Seawater_IDP2021v2"
"668","tblGeotraces_Seawater_IDP2021v2","OXYGEN_D_CONC_BOTTLE","OXYGEN_D_CONC_BOTTLE_tblGeotraces_Seawater_IDP2021v2"
"669","tblGeotraces_Seawater_IDP2021v2","OXYGEN_D_CONC_BOTTLE_qc","OXYGEN_D_CONC_BOTTLE_qc_tblGeotraces_Seawater_IDP2021v2"
"670","tblGeotraces_Seawater_IDP2021v2","CTDOXY_D_CONC_SENSOR","CTDOXY_D_CONC_SENSOR_tblGeotraces_Seawater_IDP2021v2"
"671","tblGeotraces_Seawater_IDP2021v2","CTDOXY_D_CONC_SENSOR_qc","CTDOXY_D_CONC_SENSOR_qc_tblGeotraces_Seawater_IDP2021v2"
"672","tblGeotraces_Seawater_IDP2021v2","PHOSPHATE_D_CONC_BOTTLE","PHOSPHATE_D_CONC_BOTTLE_tblGeotraces_Seawater_IDP2021v2"
"673","tblGeotraces_Seawater_IDP2021v2","PHOSPHATE_D_CONC_BOTTLE_qc","PHOSPHATE_D_CONC_BOTTLE_qc_tblGeotraces_Seawater_IDP2021v2"
"674","tblGeotraces_Seawater_IDP2021v2","PHOSPHATE_LL_D_CONC_BOTTLE","PHOSPHATE_LL_D_CONC_BOTTLE_tblGeotraces_Seawater_IDP2021v2"
"675","tblGeotraces_Seawater_IDP2021v2","PHOSPHATE_LL_D_CONC_BOTTLE_qc","PHOSPHATE_LL_D_CONC_BOTTLE_qc_tblGeotraces_Seawater_IDP2021v2"
"676","tblGeotraces_Seawater_IDP2021v2","SILICATE_D_CONC_BOTTLE","SILICATE_D_CONC_BOTTLE_tblGeotraces_Seawater_IDP2021v2"
"677","tblGeotraces_Seawater_IDP2021v2","SILICATE_D_CONC_BOTTLE_qc","SILICATE_D_CONC_BOTTLE_qc_tblGeotraces_Seawater_IDP2021v2"
"678","tblGeotraces_Seawater_IDP2021v2","NITRATE_D_CONC_BOTTLE","NITRATE_D_CONC_BOTTLE_tblGeotraces_Seawater_IDP2021v2"
"679","tblGeotraces_Seawater_IDP2021v2","NITRATE_D_CONC_BOTTLE_qc","NITRATE_D_CONC_BOTTLE_qc_tblGeotraces_Seawater_IDP2021v2"
"680","tblGeotraces_Seawater_IDP2021v2","NITRATE_LL_D_CONC_BOTTLE","NITRATE_LL_D_CONC_BOTTLE_tblGeotraces_Seawater_IDP2021v2"
"681","tblGeotraces_Seawater_IDP2021v2","NITRATE_LL_D_CONC_BOTTLE_qc","NITRATE_LL_D_CONC_BOTTLE_qc_tblGeotraces_Seawater_IDP2021v2"
"682","tblGeotraces_Seawater_IDP2021v2","NITRITE_D_CONC_BOTTLE","NITRITE_D_CONC_BOTTLE_tblGeotraces_Seawater_IDP2021v2"
"683","tblGeotraces_Seawater_IDP2021v2","NITRITE_D_CONC_BOTTLE_qc","NITRITE_D_CONC_BOTTLE_qc_tblGeotraces_Seawater_IDP2021v2"
"684","tblGeotraces_Seawater_IDP2021v2","NITRITE_LL_D_CONC_BOTTLE","NITRITE_LL_D_CONC_BOTTLE_tblGeotraces_Seawater_IDP2021v2"
"685","tblGeotraces_Seawater_IDP2021v2","NITRITE_LL_D_CONC_BOTTLE_qc","NITRITE_LL_D_CONC_BOTTLE_qc_tblGeotraces_Seawater_IDP2021v2"
"686","tblGeotraces_Seawater_IDP2021v2","NO2_NO3_D_CONC_BOTTLE","NO2_NO3_D_CONC_BOTTLE_tblGeotraces_Seawater_IDP2021v2"
"687","tblGeotraces_Seawater_IDP2021v2","NO2_NO3_D_CONC_BOTTLE_qc","NO2_NO3_D_CONC_BOTTLE_qc_tblGeotraces_Seawater_IDP2021v2"
"688","tblGeotraces_Seawater_IDP2021v2","NO2_NO3_LL_D_CONC_BOTTLE","NO2_NO3_LL_D_CONC_BOTTLE_tblGeotraces_Seawater_IDP2021v2"
"689","tblGeotraces_Seawater_IDP2021v2","NO2_NO3_LL_D_CONC_BOTTLE_qc","NO2_NO3_LL_D_CONC_BOTTLE_qc_tblGeotraces_Seawater_IDP2021v2"
"690","tblGeotraces_Seawater_IDP2021v2","NH4_D_CONC_BOTTLE","NH4_D_CONC_BOTTLE_tblGeotraces_Seawater_IDP2021v2"
"691","tblGeotraces_Seawater_IDP2021v2","NH4_D_CONC_BOTTLE_qc","NH4_D_CONC_BOTTLE_qc_tblGeotraces_Seawater_IDP2021v2"
"692","tblGeotraces_Seawater_IDP2021v2","TALK_D_CONC_BOTTLE","TALK_D_CONC_BOTTLE_tblGeotraces_Seawater_IDP2021v2"
"693","tblGeotraces_Seawater_IDP2021v2","TALK_D_CONC_BOTTLE_qc","TALK_D_CONC_BOTTLE_qc_tblGeotraces_Seawater_IDP2021v2"
"694","tblGeotraces_Seawater_IDP2021v2","DIC_D_CONC_BOTTLE","DIC_D_CONC_BOTTLE_tblGeotraces_Seawater_IDP2021v2"
"695","tblGeotraces_Seawater_IDP2021v2","DIC_D_CONC_BOTTLE_qc","DIC_D_CONC_BOTTLE_qc_tblGeotraces_Seawater_IDP2021v2"
"696","tblGeotraces_Seawater_IDP2021v2","PH_SWS_BOTTLE","PH_SWS_BOTTLE_tblGeotraces_Seawater_IDP2021v2"
"697","tblGeotraces_Seawater_IDP2021v2","PH_SWS_BOTTLE_qc","PH_SWS_BOTTLE_qc_tblGeotraces_Seawater_IDP2021v2"
"698","tblGeotraces_Seawater_IDP2021v2","PH_TOT_BOTTLE","PH_TOT_BOTTLE_tblGeotraces_Seawater_IDP2021v2"
"699","tblGeotraces_Seawater_IDP2021v2","PH_TOT_BOTTLE_qc","PH_TOT_BOTTLE_qc_tblGeotraces_Seawater_IDP2021v2"
"700","tblGeotraces_Seawater_IDP2021v2","DOC_D_CONC_BOTTLE","DOC_D_CONC_BOTTLE_tblGeotraces_Seawater_IDP2021v2"
"701","tblGeotraces_Seawater_IDP2021v2","DOC_D_CONC_BOTTLE_qc","DOC_D_CONC_BOTTLE_qc_tblGeotraces_Seawater_IDP2021v2"
"702","tblGeotraces_Seawater_IDP2021v2","TDN_D_CONC_BOTTLE","TDN_D_CONC_BOTTLE_tblGeotraces_Seawater_IDP2021v2"
"703","tblGeotraces_Seawater_IDP2021v2","TDN_D_CONC_BOTTLE_qc","TDN_D_CONC_BOTTLE_qc_tblGeotraces_Seawater_IDP2021v2"
"704","tblGeotraces_Seawater_IDP2021v2","PHOSPHATE_D_CONC_PUMP","PHOSPHATE_D_CONC_PUMP_tblGeotraces_Seawater_IDP2021v2"
"705","tblGeotraces_Seawater_IDP2021v2","PHOSPHATE_D_CONC_PUMP_qc","PHOSPHATE_D_CONC_PUMP_qc_tblGeotraces_Seawater_IDP2021v2"
"706","tblGeotraces_Seawater_IDP2021v2","SILICATE_D_CONC_PUMP","SILICATE_D_CONC_PUMP_tblGeotraces_Seawater_IDP2021v2"
"707","tblGeotraces_Seawater_IDP2021v2","SILICATE_D_CONC_PUMP_qc","SILICATE_D_CONC_PUMP_qc_tblGeotraces_Seawater_IDP2021v2"
"708","tblGeotraces_Seawater_IDP2021v2","NITRATE_D_CONC_PUMP","NITRATE_D_CONC_PUMP_tblGeotraces_Seawater_IDP2021v2"
"709","tblGeotraces_Seawater_IDP2021v2","NITRATE_D_CONC_PUMP_qc","NITRATE_D_CONC_PUMP_qc_tblGeotraces_Seawater_IDP2021v2"
"710","tblGeotraces_Seawater_IDP2021v2","NITRITE_D_CONC_PUMP","NITRITE_D_CONC_PUMP_tblGeotraces_Seawater_IDP2021v2"
"711","tblGeotraces_Seawater_IDP2021v2","NITRITE_D_CONC_PUMP_qc","NITRITE_D_CONC_PUMP_qc_tblGeotraces_Seawater_IDP2021v2"
"712","tblGeotraces_Seawater_IDP2021v2","PHOSPHATE_D_CONC_FISH","PHOSPHATE_D_CONC_FISH_tblGeotraces_Seawater_IDP2021v2"
"713","tblGeotraces_Seawater_IDP2021v2","PHOSPHATE_D_CONC_FISH_qc","PHOSPHATE_D_CONC_FISH_qc_tblGeotraces_Seawater_IDP2021v2"
"714","tblGeotraces_Seawater_IDP2021v2","PHOSPHATE_LL_D_CONC_FISH","PHOSPHATE_LL_D_CONC_FISH_tblGeotraces_Seawater_IDP2021v2"
"715","tblGeotraces_Seawater_IDP2021v2","PHOSPHATE_LL_D_CONC_FISH_qc","PHOSPHATE_LL_D_CONC_FISH_qc_tblGeotraces_Seawater_IDP2021v2"
"716","tblGeotraces_Seawater_IDP2021v2","SILICATE_D_CONC_FISH","SILICATE_D_CONC_FISH_tblGeotraces_Seawater_IDP2021v2"
"717","tblGeotraces_Seawater_IDP2021v2","SILICATE_D_CONC_FISH_qc","SILICATE_D_CONC_FISH_qc_tblGeotraces_Seawater_IDP2021v2"
"718","tblGeotraces_Seawater_IDP2021v2","NITRATE_D_CONC_FISH","NITRATE_D_CONC_FISH_tblGeotraces_Seawater_IDP2021v2"
"719","tblGeotraces_Seawater_IDP2021v2","NITRATE_D_CONC_FISH_qc","NITRATE_D_CONC_FISH_qc_tblGeotraces_Seawater_IDP2021v2"
"720","tblGeotraces_Seawater_IDP2021v2","NITRATE_LL_D_CONC_FISH","NITRATE_LL_D_CONC_FISH_tblGeotraces_Seawater_IDP2021v2"
"721","tblGeotraces_Seawater_IDP2021v2","NITRATE_LL_D_CONC_FISH_qc","NITRATE_LL_D_CONC_FISH_qc_tblGeotraces_Seawater_IDP2021v2"
"722","tblGeotraces_Seawater_IDP2021v2","NITRITE_D_CONC_FISH","NITRITE_D_CONC_FISH_tblGeotraces_Seawater_IDP2021v2"
"723","tblGeotraces_Seawater_IDP2021v2","NITRITE_D_CONC_FISH_qc","NITRITE_D_CONC_FISH_qc_tblGeotraces_Seawater_IDP2021v2"
"724","tblGeotraces_Seawater_IDP2021v2","NITRITE_LL_D_CONC_FISH","NITRITE_LL_D_CONC_FISH_tblGeotraces_Seawater_IDP2021v2"
"725","tblGeotraces_Seawater_IDP2021v2","NITRITE_LL_D_CONC_FISH_qc","NITRITE_LL_D_CONC_FISH_qc_tblGeotraces_Seawater_IDP2021v2"
"726","tblGeotraces_Seawater_IDP2021v2","NO2_NO3_D_CONC_FISH","NO2_NO3_D_CONC_FISH_tblGeotraces_Seawater_IDP2021v2"
"727","tblGeotraces_Seawater_IDP2021v2","NO2_NO3_D_CONC_FISH_qc","NO2_NO3_D_CONC_FISH_qc_tblGeotraces_Seawater_IDP2021v2"
"728","tblGeotraces_Seawater_IDP2021v2","NO2_NO3_LL_D_CONC_FISH","NO2_NO3_LL_D_CONC_FISH_tblGeotraces_Seawater_IDP2021v2"
"729","tblGeotraces_Seawater_IDP2021v2","NO2_NO3_LL_D_CONC_FISH_qc","NO2_NO3_LL_D_CONC_FISH_qc_tblGeotraces_Seawater_IDP2021v2"
"730","tblGeotraces_Seawater_IDP2021v2","DOC_D_CONC_FISH","DOC_D_CONC_FISH_tblGeotraces_Seawater_IDP2021v2"
"731","tblGeotraces_Seawater_IDP2021v2","DOC_D_CONC_FISH_qc","DOC_D_CONC_FISH_qc_tblGeotraces_Seawater_IDP2021v2"
"732","tblGeotraces_Seawater_IDP2021v2","PHOSPHATE_D_CONC_UWAY","PHOSPHATE_D_CONC_UWAY_tblGeotraces_Seawater_IDP2021v2"
"733","tblGeotraces_Seawater_IDP2021v2","PHOSPHATE_D_CONC_UWAY_qc","PHOSPHATE_D_CONC_UWAY_qc_tblGeotraces_Seawater_IDP2021v2"
"734","tblGeotraces_Seawater_IDP2021v2","SILICATE_D_CONC_UWAY","SILICATE_D_CONC_UWAY_tblGeotraces_Seawater_IDP2021v2"
"735","tblGeotraces_Seawater_IDP2021v2","SILICATE_D_CONC_UWAY_qc","SILICATE_D_CONC_UWAY_qc_tblGeotraces_Seawater_IDP2021v2"
"736","tblGeotraces_Seawater_IDP2021v2","NITRATE_D_CONC_UWAY","NITRATE_D_CONC_UWAY_tblGeotraces_Seawater_IDP2021v2"
"737","tblGeotraces_Seawater_IDP2021v2","NITRATE_D_CONC_UWAY_qc","NITRATE_D_CONC_UWAY_qc_tblGeotraces_Seawater_IDP2021v2"
"738","tblGeotraces_Seawater_IDP2021v2","NITRITE_D_CONC_UWAY","NITRITE_D_CONC_UWAY_tblGeotraces_Seawater_IDP2021v2"
"739","tblGeotraces_Seawater_IDP2021v2","NITRITE_D_CONC_UWAY_qc","NITRITE_D_CONC_UWAY_qc_tblGeotraces_Seawater_IDP2021v2"
"740","tblGeotraces_Seawater_IDP2021v2","DOC_D_CONC_UWAY","DOC_D_CONC_UWAY_tblGeotraces_Seawater_IDP2021v2"
"741","tblGeotraces_Seawater_IDP2021v2","DOC_D_CONC_UWAY_qc","DOC_D_CONC_UWAY_qc_tblGeotraces_Seawater_IDP2021v2"
"742","tblGeotraces_Seawater_IDP2021v2","NITRATE_D_CONC_BOAT_PUMP","NITRATE_D_CONC_BOAT_PUMP_tblGeotraces_Seawater_IDP2021v2"
"743","tblGeotraces_Seawater_IDP2021v2","NITRATE_D_CONC_BOAT_PUMP_qc","NITRATE_D_CONC_BOAT_PUMP_qc_tblGeotraces_Seawater_IDP2021v2"
"744","tblGeotraces_Seawater_IDP2021v2","NITRITE_D_CONC_BOAT_PUMP","NITRITE_D_CONC_BOAT_PUMP_tblGeotraces_Seawater_IDP2021v2"
"745","tblGeotraces_Seawater_IDP2021v2","NITRITE_D_CONC_BOAT_PUMP_qc","NITRITE_D_CONC_BOAT_PUMP_qc_tblGeotraces_Seawater_IDP2021v2"
"746","tblGeotraces_Seawater_IDP2021v2","DIC_13_12_D_DELTA_BOTTLE","DIC_13_12_D_DELTA_BOTTLE_tblGeotraces_Seawater_IDP2021v2"
"747","tblGeotraces_Seawater_IDP2021v2","DIC_13_12_D_DELTA_BOTTLE_qc","DIC_13_12_D_DELTA_BOTTLE_qc_tblGeotraces_Seawater_IDP2021v2"
"748","tblGeotraces_Seawater_IDP2021v2","DIC_14_12_D_DELTA_BOTTLE","DIC_14_12_D_DELTA_BOTTLE_tblGeotraces_Seawater_IDP2021v2"
"749","tblGeotraces_Seawater_IDP2021v2","DIC_14_12_D_DELTA_BOTTLE_qc","DIC_14_12_D_DELTA_BOTTLE_qc_tblGeotraces_Seawater_IDP2021v2"
"750","tblGeotraces_Seawater_IDP2021v2","He_3_4_D_DELTA_BOTTLE","He_3_4_D_DELTA_BOTTLE_tblGeotraces_Seawater_IDP2021v2"
"751","tblGeotraces_Seawater_IDP2021v2","He_3_4_D_DELTA_BOTTLE_qc","He_3_4_D_DELTA_BOTTLE_qc_tblGeotraces_Seawater_IDP2021v2"
"752","tblGeotraces_Seawater_IDP2021v2","TRITIUM_D_CONC_BOTTLE","TRITIUM_D_CONC_BOTTLE_tblGeotraces_Seawater_IDP2021v2"
"753","tblGeotraces_Seawater_IDP2021v2","TRITIUM_D_CONC_BOTTLE_qc","TRITIUM_D_CONC_BOTTLE_qc_tblGeotraces_Seawater_IDP2021v2"
"754","tblGeotraces_Seawater_IDP2021v2","H2O_2_1_D_DELTA_BOTTLE","H2O_2_1_D_DELTA_BOTTLE_tblGeotraces_Seawater_IDP2021v2"
"755","tblGeotraces_Seawater_IDP2021v2","H2O_2_1_D_DELTA_BOTTLE_qc","H2O_2_1_D_DELTA_BOTTLE_qc_tblGeotraces_Seawater_IDP2021v2"
"756","tblGeotraces_Seawater_IDP2021v2","H2O_18_16_D_DELTA_BOTTLE","H2O_18_16_D_DELTA_BOTTLE_tblGeotraces_Seawater_IDP2021v2"
"757","tblGeotraces_Seawater_IDP2021v2","H2O_18_16_D_DELTA_BOTTLE_qc","H2O_18_16_D_DELTA_BOTTLE_qc_tblGeotraces_Seawater_IDP2021v2"
"758","tblGeotraces_Seawater_IDP2021v2","NITRATE_15_14_D_DELTA_BOTTLE","NITRATE_15_14_D_DELTA_BOTTLE_tblGeotraces_Seawater_IDP2021v2"
"759","tblGeotraces_Seawater_IDP2021v2","NITRATE_15_14_D_DELTA_BOTTLE_qc","NITRATE_15_14_D_DELTA_BOTTLE_qc_tblGeotraces_Seawater_IDP2021v2"
"760","tblGeotraces_Seawater_IDP2021v2","NITRATE_18_16_D_DELTA_BOTTLE","NITRATE_18_16_D_DELTA_BOTTLE_tblGeotraces_Seawater_IDP2021v2"
"761","tblGeotraces_Seawater_IDP2021v2","NITRATE_18_16_D_DELTA_BOTTLE_qc","NITRATE_18_16_D_DELTA_BOTTLE_qc_tblGeotraces_Seawater_IDP2021v2"
"762","tblGeotraces_Seawater_IDP2021v2","SILICATE_30_28_D_DELTA_BOTTLE","SILICATE_30_28_D_DELTA_BOTTLE_tblGeotraces_Seawater_IDP2021v2"
"763","tblGeotraces_Seawater_IDP2021v2","SILICATE_30_28_D_DELTA_BOTTLE_qc","SILICATE_30_28_D_DELTA_BOTTLE_qc_tblGeotraces_Seawater_IDP2021v2"
"764","tblGeotraces_Seawater_IDP2021v2","Al_D_CONC_BOTTLE","Al_D_CONC_BOTTLE_tblGeotraces_Seawater_IDP2021v2"
"765","tblGeotraces_Seawater_IDP2021v2","Al_D_CONC_BOTTLE_qc","Al_D_CONC_BOTTLE_qc_tblGeotraces_Seawater_IDP2021v2"
"766","tblGeotraces_Seawater_IDP2021v2","Ba_D_CONC_BOTTLE","Ba_D_CONC_BOTTLE_tblGeotraces_Seawater_IDP2021v2"
"767","tblGeotraces_Seawater_IDP2021v2","Ba_D_CONC_BOTTLE_qc","Ba_D_CONC_BOTTLE_qc_tblGeotraces_Seawater_IDP2021v2"
"768","tblGeotraces_Seawater_IDP2021v2","Cd_D_CONC_BOTTLE","Cd_D_CONC_BOTTLE_tblGeotraces_Seawater_IDP2021v2"
"769","tblGeotraces_Seawater_IDP2021v2","Cd_D_CONC_BOTTLE_qc","Cd_D_CONC_BOTTLE_qc_tblGeotraces_Seawater_IDP2021v2"
"770","tblGeotraces_Seawater_IDP2021v2","Co_D_CONC_BOTTLE","Co_D_CONC_BOTTLE_tblGeotraces_Seawater_IDP2021v2"
"771","tblGeotraces_Seawater_IDP2021v2","Co_D_CONC_BOTTLE_qc","Co_D_CONC_BOTTLE_qc_tblGeotraces_Seawater_IDP2021v2"
"772","tblGeotraces_Seawater_IDP2021v2","Cr_D_CONC_BOTTLE","Cr_D_CONC_BOTTLE_tblGeotraces_Seawater_IDP2021v2"
"773","tblGeotraces_Seawater_IDP2021v2","Cr_D_CONC_BOTTLE_qc","Cr_D_CONC_BOTTLE_qc_tblGeotraces_Seawater_IDP2021v2"
"774","tblGeotraces_Seawater_IDP2021v2","Cu_D_CONC_BOTTLE","Cu_D_CONC_BOTTLE_tblGeotraces_Seawater_IDP2021v2"
"775","tblGeotraces_Seawater_IDP2021v2","Cu_D_CONC_BOTTLE_qc","Cu_D_CONC_BOTTLE_qc_tblGeotraces_Seawater_IDP2021v2"
"776","tblGeotraces_Seawater_IDP2021v2","Fe_D_CONC_BOTTLE","Fe_D_CONC_BOTTLE_tblGeotraces_Seawater_IDP2021v2"
"777","tblGeotraces_Seawater_IDP2021v2","Fe_D_CONC_BOTTLE_qc","Fe_D_CONC_BOTTLE_qc_tblGeotraces_Seawater_IDP2021v2"
"778","tblGeotraces_Seawater_IDP2021v2","Fe_II_D_CONC_BOTTLE","Fe_II_D_CONC_BOTTLE_tblGeotraces_Seawater_IDP2021v2"
"779","tblGeotraces_Seawater_IDP2021v2","Fe_II_D_CONC_BOTTLE_qc","Fe_II_D_CONC_BOTTLE_qc_tblGeotraces_Seawater_IDP2021v2"
"780","tblGeotraces_Seawater_IDP2021v2","Fe_S_CONC_BOTTLE","Fe_S_CONC_BOTTLE_tblGeotraces_Seawater_IDP2021v2"
"781","tblGeotraces_Seawater_IDP2021v2","Fe_S_CONC_BOTTLE_qc","Fe_S_CONC_BOTTLE_qc_tblGeotraces_Seawater_IDP2021v2"
"782","tblGeotraces_Seawater_IDP2021v2","Ga_D_CONC_BOTTLE","Ga_D_CONC_BOTTLE_tblGeotraces_Seawater_IDP2021v2"
"783","tblGeotraces_Seawater_IDP2021v2","Ga_D_CONC_BOTTLE_qc","Ga_D_CONC_BOTTLE_qc_tblGeotraces_Seawater_IDP2021v2"
"784","tblGeotraces_Seawater_IDP2021v2","Hf_D_CONC_BOTTLE","Hf_D_CONC_BOTTLE_tblGeotraces_Seawater_IDP2021v2"
"785","tblGeotraces_Seawater_IDP2021v2","Hf_D_CONC_BOTTLE_qc","Hf_D_CONC_BOTTLE_qc_tblGeotraces_Seawater_IDP2021v2"
"786","tblGeotraces_Seawater_IDP2021v2","Hg_0_D_CONC_BOTTLE","Hg_0_D_CONC_BOTTLE_tblGeotraces_Seawater_IDP2021v2"
"787","tblGeotraces_Seawater_IDP2021v2","Hg_0_D_CONC_BOTTLE_qc","Hg_0_D_CONC_BOTTLE_qc_tblGeotraces_Seawater_IDP2021v2"
"788","tblGeotraces_Seawater_IDP2021v2","Hg_D_CONC_BOTTLE","Hg_D_CONC_BOTTLE_tblGeotraces_Seawater_IDP2021v2"
"789","tblGeotraces_Seawater_IDP2021v2","Hg_D_CONC_BOTTLE_qc","Hg_D_CONC_BOTTLE_qc_tblGeotraces_Seawater_IDP2021v2"
"790","tblGeotraces_Seawater_IDP2021v2","Hg_DM_D_CONC_BOTTLE","Hg_DM_D_CONC_BOTTLE_tblGeotraces_Seawater_IDP2021v2"
"791","tblGeotraces_Seawater_IDP2021v2","Hg_DM_D_CONC_BOTTLE_qc","Hg_DM_D_CONC_BOTTLE_qc_tblGeotraces_Seawater_IDP2021v2"
"792","tblGeotraces_Seawater_IDP2021v2","Hg_Me_D_CONC_BOTTLE","Hg_Me_D_CONC_BOTTLE_tblGeotraces_Seawater_IDP2021v2"
"793","tblGeotraces_Seawater_IDP2021v2","Hg_Me_D_CONC_BOTTLE_qc","Hg_Me_D_CONC_BOTTLE_qc_tblGeotraces_Seawater_IDP2021v2"
"794","tblGeotraces_Seawater_IDP2021v2","Hg_MM_D_CONC_BOTTLE","Hg_MM_D_CONC_BOTTLE_tblGeotraces_Seawater_IDP2021v2"
"795","tblGeotraces_Seawater_IDP2021v2","Hg_MM_D_CONC_BOTTLE_qc","Hg_MM_D_CONC_BOTTLE_qc_tblGeotraces_Seawater_IDP2021v2"
"796","tblGeotraces_Seawater_IDP2021v2","Hg_T_CONC_BOTTLE","Hg_T_CONC_BOTTLE_tblGeotraces_Seawater_IDP2021v2"
"797","tblGeotraces_Seawater_IDP2021v2","Hg_T_CONC_BOTTLE_qc","Hg_T_CONC_BOTTLE_qc_tblGeotraces_Seawater_IDP2021v2"
"798","tblGeotraces_Seawater_IDP2021v2","I_D_CONC_BOTTLE","I_D_CONC_BOTTLE_tblGeotraces_Seawater_IDP2021v2"
"799","tblGeotraces_Seawater_IDP2021v2","I_D_CONC_BOTTLE_qc","I_D_CONC_BOTTLE_qc_tblGeotraces_Seawater_IDP2021v2"
"800","tblGeotraces_Seawater_IDP2021v2","I_V_D_CONC_BOTTLE","I_V_D_CONC_BOTTLE_tblGeotraces_Seawater_IDP2021v2"
"801","tblGeotraces_Seawater_IDP2021v2","I_V_D_CONC_BOTTLE_qc","I_V_D_CONC_BOTTLE_qc_tblGeotraces_Seawater_IDP2021v2"
"802","tblGeotraces_Seawater_IDP2021v2","Mn_D_CONC_BOTTLE","Mn_D_CONC_BOTTLE_tblGeotraces_Seawater_IDP2021v2"
"803","tblGeotraces_Seawater_IDP2021v2","Mn_D_CONC_BOTTLE_qc","Mn_D_CONC_BOTTLE_qc_tblGeotraces_Seawater_IDP2021v2"
"804","tblGeotraces_Seawater_IDP2021v2","Mo_D_CONC_BOTTLE","Mo_D_CONC_BOTTLE_tblGeotraces_Seawater_IDP2021v2"
"805","tblGeotraces_Seawater_IDP2021v2","Mo_D_CONC_BOTTLE_qc","Mo_D_CONC_BOTTLE_qc_tblGeotraces_Seawater_IDP2021v2"
"806","tblGeotraces_Seawater_IDP2021v2","Nb_D_CONC_BOTTLE","Nb_D_CONC_BOTTLE_tblGeotraces_Seawater_IDP2021v2"
"807","tblGeotraces_Seawater_IDP2021v2","Nb_D_CONC_BOTTLE_qc","Nb_D_CONC_BOTTLE_qc_tblGeotraces_Seawater_IDP2021v2"
"808","tblGeotraces_Seawater_IDP2021v2","Ni_D_CONC_BOTTLE","Ni_D_CONC_BOTTLE_tblGeotraces_Seawater_IDP2021v2"
"809","tblGeotraces_Seawater_IDP2021v2","Ni_D_CONC_BOTTLE_qc","Ni_D_CONC_BOTTLE_qc_tblGeotraces_Seawater_IDP2021v2"
"810","tblGeotraces_Seawater_IDP2021v2","Pb_D_CONC_BOTTLE","Pb_D_CONC_BOTTLE_tblGeotraces_Seawater_IDP2021v2"
"811","tblGeotraces_Seawater_IDP2021v2","Pb_D_CONC_BOTTLE_qc","Pb_D_CONC_BOTTLE_qc_tblGeotraces_Seawater_IDP2021v2"
"812","tblGeotraces_Seawater_IDP2021v2","Pb_TD_CONC_BOTTLE","Pb_TD_CONC_BOTTLE_tblGeotraces_Seawater_IDP2021v2"
"813","tblGeotraces_Seawater_IDP2021v2","Pb_TD_CONC_BOTTLE_qc","Pb_TD_CONC_BOTTLE_qc_tblGeotraces_Seawater_IDP2021v2"
"814","tblGeotraces_Seawater_IDP2021v2","Ti_D_CONC_BOTTLE","Ti_D_CONC_BOTTLE_tblGeotraces_Seawater_IDP2021v2"
"815","tblGeotraces_Seawater_IDP2021v2","Ti_D_CONC_BOTTLE_qc","Ti_D_CONC_BOTTLE_qc_tblGeotraces_Seawater_IDP2021v2"
"816","tblGeotraces_Seawater_IDP2021v2","U_D_CONC_BOTTLE","U_D_CONC_BOTTLE_tblGeotraces_Seawater_IDP2021v2"
"817","tblGeotraces_Seawater_IDP2021v2","U_D_CONC_BOTTLE_qc","U_D_CONC_BOTTLE_qc_tblGeotraces_Seawater_IDP2021v2"
"818","tblGeotraces_Seawater_IDP2021v2","V_D_CONC_BOTTLE","V_D_CONC_BOTTLE_tblGeotraces_Seawater_IDP2021v2"
"819","tblGeotraces_Seawater_IDP2021v2","V_D_CONC_BOTTLE_qc","V_D_CONC_BOTTLE_qc_tblGeotraces_Seawater_IDP2021v2"
"820","tblGeotraces_Seawater_IDP2021v2","Zn_D_CONC_BOTTLE","Zn_D_CONC_BOTTLE_tblGeotraces_Seawater_IDP2021v2"
"821","tblGeotraces_Seawater_IDP2021v2","Zn_D_CONC_BOTTLE_qc","Zn_D_CONC_BOTTLE_qc_tblGeotraces_Seawater_IDP2021v2"
"822","tblGeotraces_Seawater_IDP2021v2","Hg_Me_T_CONC_BOTTLE","Hg_Me_T_CONC_BOTTLE_tblGeotraces_Seawater_IDP2021v2"
"823","tblGeotraces_Seawater_IDP2021v2","Hg_Me_T_CONC_BOTTLE_qc","Hg_Me_T_CONC_BOTTLE_qc_tblGeotraces_Seawater_IDP2021v2"
"824","tblGeotraces_Seawater_IDP2021v2","Al_D_CONC_FISH","Al_D_CONC_FISH_tblGeotraces_Seawater_IDP2021v2"
"825","tblGeotraces_Seawater_IDP2021v2","Al_D_CONC_FISH_qc","Al_D_CONC_FISH_qc_tblGeotraces_Seawater_IDP2021v2"
"826","tblGeotraces_Seawater_IDP2021v2","Ba_D_CONC_FISH","Ba_D_CONC_FISH_tblGeotraces_Seawater_IDP2021v2"
"827","tblGeotraces_Seawater_IDP2021v2","Ba_D_CONC_FISH_qc","Ba_D_CONC_FISH_qc_tblGeotraces_Seawater_IDP2021v2"
"828","tblGeotraces_Seawater_IDP2021v2","Cd_D_CONC_FISH","Cd_D_CONC_FISH_tblGeotraces_Seawater_IDP2021v2"
"829","tblGeotraces_Seawater_IDP2021v2","Cd_D_CONC_FISH_qc","Cd_D_CONC_FISH_qc_tblGeotraces_Seawater_IDP2021v2"
"830","tblGeotraces_Seawater_IDP2021v2","Co_D_CONC_FISH","Co_D_CONC_FISH_tblGeotraces_Seawater_IDP2021v2"
"831","tblGeotraces_Seawater_IDP2021v2","Co_D_CONC_FISH_qc","Co_D_CONC_FISH_qc_tblGeotraces_Seawater_IDP2021v2"
"832","tblGeotraces_Seawater_IDP2021v2","Cu_D_CONC_FISH","Cu_D_CONC_FISH_tblGeotraces_Seawater_IDP2021v2"
"833","tblGeotraces_Seawater_IDP2021v2","Cu_D_CONC_FISH_qc","Cu_D_CONC_FISH_qc_tblGeotraces_Seawater_IDP2021v2"
"834","tblGeotraces_Seawater_IDP2021v2","Fe_D_CONC_FISH","Fe_D_CONC_FISH_tblGeotraces_Seawater_IDP2021v2"
"835","tblGeotraces_Seawater_IDP2021v2","Fe_D_CONC_FISH_qc","Fe_D_CONC_FISH_qc_tblGeotraces_Seawater_IDP2021v2"
"836","tblGeotraces_Seawater_IDP2021v2","Fe_II_D_CONC_FISH","Fe_II_D_CONC_FISH_tblGeotraces_Seawater_IDP2021v2"
"837","tblGeotraces_Seawater_IDP2021v2","Fe_II_D_CONC_FISH_qc","Fe_II_D_CONC_FISH_qc_tblGeotraces_Seawater_IDP2021v2"
"838","tblGeotraces_Seawater_IDP2021v2","Fe_S_CONC_FISH","Fe_S_CONC_FISH_tblGeotraces_Seawater_IDP2021v2"
"839","tblGeotraces_Seawater_IDP2021v2","Fe_S_CONC_FISH_qc","Fe_S_CONC_FISH_qc_tblGeotraces_Seawater_IDP2021v2"
"840","tblGeotraces_Seawater_IDP2021v2","Ga_D_CONC_FISH","Ga_D_CONC_FISH_tblGeotraces_Seawater_IDP2021v2"
"841","tblGeotraces_Seawater_IDP2021v2","Ga_D_CONC_FISH_qc","Ga_D_CONC_FISH_qc_tblGeotraces_Seawater_IDP2021v2"
"842","tblGeotraces_Seawater_IDP2021v2","Hf_D_CONC_FISH","Hf_D_CONC_FISH_tblGeotraces_Seawater_IDP2021v2"
"843","tblGeotraces_Seawater_IDP2021v2","Hf_D_CONC_FISH_qc","Hf_D_CONC_FISH_qc_tblGeotraces_Seawater_IDP2021v2"
"844","tblGeotraces_Seawater_IDP2021v2","Hg_D_CONC_FISH","Hg_D_CONC_FISH_tblGeotraces_Seawater_IDP2021v2"
"845","tblGeotraces_Seawater_IDP2021v2","Hg_D_CONC_FISH_qc","Hg_D_CONC_FISH_qc_tblGeotraces_Seawater_IDP2021v2"
"846","tblGeotraces_Seawater_IDP2021v2","Mn_D_CONC_FISH","Mn_D_CONC_FISH_tblGeotraces_Seawater_IDP2021v2"
"847","tblGeotraces_Seawater_IDP2021v2","Mn_D_CONC_FISH_qc","Mn_D_CONC_FISH_qc_tblGeotraces_Seawater_IDP2021v2"
"848","tblGeotraces_Seawater_IDP2021v2","Mo_D_CONC_FISH","Mo_D_CONC_FISH_tblGeotraces_Seawater_IDP2021v2"
"849","tblGeotraces_Seawater_IDP2021v2","Mo_D_CONC_FISH_qc","Mo_D_CONC_FISH_qc_tblGeotraces_Seawater_IDP2021v2"
"850","tblGeotraces_Seawater_IDP2021v2","Ni_D_CONC_FISH","Ni_D_CONC_FISH_tblGeotraces_Seawater_IDP2021v2"
"851","tblGeotraces_Seawater_IDP2021v2","Ni_D_CONC_FISH_qc","Ni_D_CONC_FISH_qc_tblGeotraces_Seawater_IDP2021v2"
"852","tblGeotraces_Seawater_IDP2021v2","Pb_D_CONC_FISH","Pb_D_CONC_FISH_tblGeotraces_Seawater_IDP2021v2"
"853","tblGeotraces_Seawater_IDP2021v2","Pb_D_CONC_FISH_qc","Pb_D_CONC_FISH_qc_tblGeotraces_Seawater_IDP2021v2"
"854","tblGeotraces_Seawater_IDP2021v2","Pb_TD_CONC_FISH","Pb_TD_CONC_FISH_tblGeotraces_Seawater_IDP2021v2"
"855","tblGeotraces_Seawater_IDP2021v2","Pb_TD_CONC_FISH_qc","Pb_TD_CONC_FISH_qc_tblGeotraces_Seawater_IDP2021v2"
"856","tblGeotraces_Seawater_IDP2021v2","Ti_D_CONC_FISH","Ti_D_CONC_FISH_tblGeotraces_Seawater_IDP2021v2"
"857","tblGeotraces_Seawater_IDP2021v2","Ti_D_CONC_FISH_qc","Ti_D_CONC_FISH_qc_tblGeotraces_Seawater_IDP2021v2"
"858","tblGeotraces_Seawater_IDP2021v2","V_D_CONC_FISH","V_D_CONC_FISH_tblGeotraces_Seawater_IDP2021v2"
"859","tblGeotraces_Seawater_IDP2021v2","V_D_CONC_FISH_qc","V_D_CONC_FISH_qc_tblGeotraces_Seawater_IDP2021v2"
"860","tblGeotraces_Seawater_IDP2021v2","Zn_D_CONC_FISH","Zn_D_CONC_FISH_tblGeotraces_Seawater_IDP2021v2"
"861","tblGeotraces_Seawater_IDP2021v2","Zn_D_CONC_FISH_qc","Zn_D_CONC_FISH_qc_tblGeotraces_Seawater_IDP2021v2"
"862","tblGeotraces_Seawater_IDP2021v2","Hf_D_CONC_UWAY","Hf_D_CONC_UWAY_tblGeotraces_Seawater_IDP2021v2"
"863","tblGeotraces_Seawater_IDP2021v2","Hf_D_CONC_UWAY_qc","Hf_D_CONC_UWAY_qc_tblGeotraces_Seawater_IDP2021v2"
"864","tblGeotraces_Seawater_IDP2021v2","Al_D_CONC_BOAT_PUMP","Al_D_CONC_BOAT_PUMP_tblGeotraces_Seawater_IDP2021v2"
"865","tblGeotraces_Seawater_IDP2021v2","Al_D_CONC_BOAT_PUMP_qc","Al_D_CONC_BOAT_PUMP_qc_tblGeotraces_Seawater_IDP2021v2"
"866","tblGeotraces_Seawater_IDP2021v2","Ba_D_CONC_BOAT_PUMP","Ba_D_CONC_BOAT_PUMP_tblGeotraces_Seawater_IDP2021v2"
"867","tblGeotraces_Seawater_IDP2021v2","Ba_D_CONC_BOAT_PUMP_qc","Ba_D_CONC_BOAT_PUMP_qc_tblGeotraces_Seawater_IDP2021v2"
"868","tblGeotraces_Seawater_IDP2021v2","Cd_D_CONC_BOAT_PUMP","Cd_D_CONC_BOAT_PUMP_tblGeotraces_Seawater_IDP2021v2"
"869","tblGeotraces_Seawater_IDP2021v2","Cd_D_CONC_BOAT_PUMP_qc","Cd_D_CONC_BOAT_PUMP_qc_tblGeotraces_Seawater_IDP2021v2"
"870","tblGeotraces_Seawater_IDP2021v2","Co_D_CONC_BOAT_PUMP","Co_D_CONC_BOAT_PUMP_tblGeotraces_Seawater_IDP2021v2"
"871","tblGeotraces_Seawater_IDP2021v2","Co_D_CONC_BOAT_PUMP_qc","Co_D_CONC_BOAT_PUMP_qc_tblGeotraces_Seawater_IDP2021v2"
"872","tblGeotraces_Seawater_IDP2021v2","Cu_D_CONC_BOAT_PUMP","Cu_D_CONC_BOAT_PUMP_tblGeotraces_Seawater_IDP2021v2"
"873","tblGeotraces_Seawater_IDP2021v2","Cu_D_CONC_BOAT_PUMP_qc","Cu_D_CONC_BOAT_PUMP_qc_tblGeotraces_Seawater_IDP2021v2"
"874","tblGeotraces_Seawater_IDP2021v2","Fe_D_CONC_BOAT_PUMP","Fe_D_CONC_BOAT_PUMP_tblGeotraces_Seawater_IDP2021v2"
"875","tblGeotraces_Seawater_IDP2021v2","Fe_D_CONC_BOAT_PUMP_qc","Fe_D_CONC_BOAT_PUMP_qc_tblGeotraces_Seawater_IDP2021v2"
"876","tblGeotraces_Seawater_IDP2021v2","Fe_II_D_CONC_BOAT_PUMP","Fe_II_D_CONC_BOAT_PUMP_tblGeotraces_Seawater_IDP2021v2"
"877","tblGeotraces_Seawater_IDP2021v2","Fe_II_D_CONC_BOAT_PUMP_qc","Fe_II_D_CONC_BOAT_PUMP_qc_tblGeotraces_Seawater_IDP2021v2"
"878","tblGeotraces_Seawater_IDP2021v2","Ga_D_CONC_BOAT_PUMP","Ga_D_CONC_BOAT_PUMP_tblGeotraces_Seawater_IDP2021v2"
"879","tblGeotraces_Seawater_IDP2021v2","Ga_D_CONC_BOAT_PUMP_qc","Ga_D_CONC_BOAT_PUMP_qc_tblGeotraces_Seawater_IDP2021v2"
"880","tblGeotraces_Seawater_IDP2021v2","Mn_D_CONC_BOAT_PUMP","Mn_D_CONC_BOAT_PUMP_tblGeotraces_Seawater_IDP2021v2"
"881","tblGeotraces_Seawater_IDP2021v2","Mn_D_CONC_BOAT_PUMP_qc","Mn_D_CONC_BOAT_PUMP_qc_tblGeotraces_Seawater_IDP2021v2"
"882","tblGeotraces_Seawater_IDP2021v2","Ni_D_CONC_BOAT_PUMP","Ni_D_CONC_BOAT_PUMP_tblGeotraces_Seawater_IDP2021v2"
"883","tblGeotraces_Seawater_IDP2021v2","Ni_D_CONC_BOAT_PUMP_qc","Ni_D_CONC_BOAT_PUMP_qc_tblGeotraces_Seawater_IDP2021v2"
"884","tblGeotraces_Seawater_IDP2021v2","Pb_D_CONC_BOAT_PUMP","Pb_D_CONC_BOAT_PUMP_tblGeotraces_Seawater_IDP2021v2"
"885","tblGeotraces_Seawater_IDP2021v2","Pb_D_CONC_BOAT_PUMP_qc","Pb_D_CONC_BOAT_PUMP_qc_tblGeotraces_Seawater_IDP2021v2"
"886","tblGeotraces_Seawater_IDP2021v2","V_D_CONC_BOAT_PUMP","V_D_CONC_BOAT_PUMP_tblGeotraces_Seawater_IDP2021v2"
"887","tblGeotraces_Seawater_IDP2021v2","V_D_CONC_BOAT_PUMP_qc","V_D_CONC_BOAT_PUMP_qc_tblGeotraces_Seawater_IDP2021v2"
"888","tblGeotraces_Seawater_IDP2021v2","Zn_D_CONC_BOAT_PUMP","Zn_D_CONC_BOAT_PUMP_tblGeotraces_Seawater_IDP2021v2"
"889","tblGeotraces_Seawater_IDP2021v2","Zn_D_CONC_BOAT_PUMP_qc","Zn_D_CONC_BOAT_PUMP_qc_tblGeotraces_Seawater_IDP2021v2"
"890","tblGeotraces_Seawater_IDP2021v2","Al_D_CONC_SUBICE_PUMP","Al_D_CONC_SUBICE_PUMP_tblGeotraces_Seawater_IDP2021v2"
"891","tblGeotraces_Seawater_IDP2021v2","Al_D_CONC_SUBICE_PUMP_qc","Al_D_CONC_SUBICE_PUMP_qc_tblGeotraces_Seawater_IDP2021v2"
"892","tblGeotraces_Seawater_IDP2021v2","Ba_D_CONC_SUBICE_PUMP","Ba_D_CONC_SUBICE_PUMP_tblGeotraces_Seawater_IDP2021v2"
"893","tblGeotraces_Seawater_IDP2021v2","Ba_D_CONC_SUBICE_PUMP_qc","Ba_D_CONC_SUBICE_PUMP_qc_tblGeotraces_Seawater_IDP2021v2"
"894","tblGeotraces_Seawater_IDP2021v2","Cd_D_CONC_SUBICE_PUMP","Cd_D_CONC_SUBICE_PUMP_tblGeotraces_Seawater_IDP2021v2"
"895","tblGeotraces_Seawater_IDP2021v2","Cd_D_CONC_SUBICE_PUMP_qc","Cd_D_CONC_SUBICE_PUMP_qc_tblGeotraces_Seawater_IDP2021v2"
"896","tblGeotraces_Seawater_IDP2021v2","Co_D_CONC_SUBICE_PUMP","Co_D_CONC_SUBICE_PUMP_tblGeotraces_Seawater_IDP2021v2"
"897","tblGeotraces_Seawater_IDP2021v2","Co_D_CONC_SUBICE_PUMP_qc","Co_D_CONC_SUBICE_PUMP_qc_tblGeotraces_Seawater_IDP2021v2"
"898","tblGeotraces_Seawater_IDP2021v2","Cu_D_CONC_SUBICE_PUMP","Cu_D_CONC_SUBICE_PUMP_tblGeotraces_Seawater_IDP2021v2"
"899","tblGeotraces_Seawater_IDP2021v2","Cu_D_CONC_SUBICE_PUMP_qc","Cu_D_CONC_SUBICE_PUMP_qc_tblGeotraces_Seawater_IDP2021v2"
"900","tblGeotraces_Seawater_IDP2021v2","Fe_D_CONC_SUBICE_PUMP","Fe_D_CONC_SUBICE_PUMP_tblGeotraces_Seawater_IDP2021v2"
"901","tblGeotraces_Seawater_IDP2021v2","Fe_D_CONC_SUBICE_PUMP_qc","Fe_D_CONC_SUBICE_PUMP_qc_tblGeotraces_Seawater_IDP2021v2"
"902","tblGeotraces_Seawater_IDP2021v2","Ga_D_CONC_SUBICE_PUMP","Ga_D_CONC_SUBICE_PUMP_tblGeotraces_Seawater_IDP2021v2"
"903","tblGeotraces_Seawater_IDP2021v2","Ga_D_CONC_SUBICE_PUMP_qc","Ga_D_CONC_SUBICE_PUMP_qc_tblGeotraces_Seawater_IDP2021v2"
"904","tblGeotraces_Seawater_IDP2021v2","Mn_D_CONC_SUBICE_PUMP","Mn_D_CONC_SUBICE_PUMP_tblGeotraces_Seawater_IDP2021v2"
"905","tblGeotraces_Seawater_IDP2021v2","Mn_D_CONC_SUBICE_PUMP_qc","Mn_D_CONC_SUBICE_PUMP_qc_tblGeotraces_Seawater_IDP2021v2"
"906","tblGeotraces_Seawater_IDP2021v2","Ni_D_CONC_SUBICE_PUMP","Ni_D_CONC_SUBICE_PUMP_tblGeotraces_Seawater_IDP2021v2"
"907","tblGeotraces_Seawater_IDP2021v2","Ni_D_CONC_SUBICE_PUMP_qc","Ni_D_CONC_SUBICE_PUMP_qc_tblGeotraces_Seawater_IDP2021v2"
"908","tblGeotraces_Seawater_IDP2021v2","Pb_D_CONC_SUBICE_PUMP","Pb_D_CONC_SUBICE_PUMP_tblGeotraces_Seawater_IDP2021v2"
"909","tblGeotraces_Seawater_IDP2021v2","Pb_D_CONC_SUBICE_PUMP_qc","Pb_D_CONC_SUBICE_PUMP_qc_tblGeotraces_Seawater_IDP2021v2"
"910","tblGeotraces_Seawater_IDP2021v2","V_D_CONC_SUBICE_PUMP","V_D_CONC_SUBICE_PUMP_tblGeotraces_Seawater_IDP2021v2"
"911","tblGeotraces_Seawater_IDP2021v2","V_D_CONC_SUBICE_PUMP_qc","V_D_CONC_SUBICE_PUMP_qc_tblGeotraces_Seawater_IDP2021v2"
"912","tblGeotraces_Seawater_IDP2021v2","Zn_D_CONC_SUBICE_PUMP","Zn_D_CONC_SUBICE_PUMP_tblGeotraces_Seawater_IDP2021v2"
"913","tblGeotraces_Seawater_IDP2021v2","Zn_D_CONC_SUBICE_PUMP_qc","Zn_D_CONC_SUBICE_PUMP_qc_tblGeotraces_Seawater_IDP2021v2"
"914","tblGeotraces_Seawater_IDP2021v2","Ba_138_134_D_DELTA_BOTTLE","Ba_138_134_D_DELTA_BOTTLE_tblGeotraces_Seawater_IDP2021v2"
"915","tblGeotraces_Seawater_IDP2021v2","Ba_138_134_D_DELTA_BOTTLE_qc","Ba_138_134_D_DELTA_BOTTLE_qc_tblGeotraces_Seawater_IDP2021v2"
"916","tblGeotraces_Seawater_IDP2021v2","Cd_114_110_D_DELTA_BOTTLE","Cd_114_110_D_DELTA_BOTTLE_tblGeotraces_Seawater_IDP2021v2"
"917","tblGeotraces_Seawater_IDP2021v2","Cd_114_110_D_DELTA_BOTTLE_qc","Cd_114_110_D_DELTA_BOTTLE_qc_tblGeotraces_Seawater_IDP2021v2"
"918","tblGeotraces_Seawater_IDP2021v2","Cu_65_63_D_DELTA_BOTTLE","Cu_65_63_D_DELTA_BOTTLE_tblGeotraces_Seawater_IDP2021v2"
"919","tblGeotraces_Seawater_IDP2021v2","Cu_65_63_D_DELTA_BOTTLE_qc","Cu_65_63_D_DELTA_BOTTLE_qc_tblGeotraces_Seawater_IDP2021v2"
"920","tblGeotraces_Seawater_IDP2021v2","Cr_53_52_D_DELTA_BOTTLE","Cr_53_52_D_DELTA_BOTTLE_tblGeotraces_Seawater_IDP2021v2"
"921","tblGeotraces_Seawater_IDP2021v2","Cr_53_52_D_DELTA_BOTTLE_qc","Cr_53_52_D_DELTA_BOTTLE_qc_tblGeotraces_Seawater_IDP2021v2"
"922","tblGeotraces_Seawater_IDP2021v2","Fe_56_54_D_DELTA_BOTTLE","Fe_56_54_D_DELTA_BOTTLE_tblGeotraces_Seawater_IDP2021v2"
"923","tblGeotraces_Seawater_IDP2021v2","Fe_56_54_D_DELTA_BOTTLE_qc","Fe_56_54_D_DELTA_BOTTLE_qc_tblGeotraces_Seawater_IDP2021v2"
"924","tblGeotraces_Seawater_IDP2021v2","Ni_60_58_D_DELTA_BOTTLE","Ni_60_58_D_DELTA_BOTTLE_tblGeotraces_Seawater_IDP2021v2"
"925","tblGeotraces_Seawater_IDP2021v2","Ni_60_58_D_DELTA_BOTTLE_qc","Ni_60_58_D_DELTA_BOTTLE_qc_tblGeotraces_Seawater_IDP2021v2"
"926","tblGeotraces_Seawater_IDP2021v2","Zn_66_64_D_DELTA_BOTTLE","Zn_66_64_D_DELTA_BOTTLE_tblGeotraces_Seawater_IDP2021v2"
"927","tblGeotraces_Seawater_IDP2021v2","Zn_66_64_D_DELTA_BOTTLE_qc","Zn_66_64_D_DELTA_BOTTLE_qc_tblGeotraces_Seawater_IDP2021v2"
"928","tblGeotraces_Seawater_IDP2021v2","Cd_114_110_D_DELTA_FISH","Cd_114_110_D_DELTA_FISH_tblGeotraces_Seawater_IDP2021v2"
"929","tblGeotraces_Seawater_IDP2021v2","Cd_114_110_D_DELTA_FISH_qc","Cd_114_110_D_DELTA_FISH_qc_tblGeotraces_Seawater_IDP2021v2"
"930","tblGeotraces_Seawater_IDP2021v2","Fe_56_54_D_DELTA_FISH","Fe_56_54_D_DELTA_FISH_tblGeotraces_Seawater_IDP2021v2"
"931","tblGeotraces_Seawater_IDP2021v2","Fe_56_54_D_DELTA_FISH_qc","Fe_56_54_D_DELTA_FISH_qc_tblGeotraces_Seawater_IDP2021v2"
"932","tblGeotraces_Seawater_IDP2021v2","Ni_60_58_D_DELTA_FISH","Ni_60_58_D_DELTA_FISH_tblGeotraces_Seawater_IDP2021v2"
"933","tblGeotraces_Seawater_IDP2021v2","Ni_60_58_D_DELTA_FISH_qc","Ni_60_58_D_DELTA_FISH_qc_tblGeotraces_Seawater_IDP2021v2"
"934","tblGeotraces_Seawater_IDP2021v2","Zn_66_64_D_DELTA_FISH","Zn_66_64_D_DELTA_FISH_tblGeotraces_Seawater_IDP2021v2"
"935","tblGeotraces_Seawater_IDP2021v2","Zn_66_64_D_DELTA_FISH_qc","Zn_66_64_D_DELTA_FISH_qc_tblGeotraces_Seawater_IDP2021v2"
"936","tblGeotraces_Seawater_IDP2021v2","Ba_138_134_D_DELTA_BOAT_PUMP","Ba_138_134_D_DELTA_BOAT_PUMP_tblGeotraces_Seawater_IDP2021v2"
"937","tblGeotraces_Seawater_IDP2021v2","Ba_138_134_D_DELTA_BOAT_PUMP_qc","Ba_138_134_D_DELTA_BOAT_PUMP_qc_tblGeotraces_Seawater_IDP2021v2"
"938","tblGeotraces_Seawater_IDP2021v2","Ba_138_134_D_DELTA_SUBICE_PUMP","Ba_138_134_D_DELTA_SUBICE_PUMP_tblGeotraces_Seawater_IDP2021v2"
"939","tblGeotraces_Seawater_IDP2021v2","Ba_138_134_D_DELTA_SUBICE_PUMP_qc","Ba_138_134_D_DELTA_SUBICE_PUMP_qc_tblGeotraces_Seawater_IDP2021v2"
"940","tblGeotraces_Seawater_IDP2021v2","Cs_137_D_CONC_BOTTLE","Cs_137_D_CONC_BOTTLE_tblGeotraces_Seawater_IDP2021v2"
"941","tblGeotraces_Seawater_IDP2021v2","Cs_137_D_CONC_BOTTLE_qc","Cs_137_D_CONC_BOTTLE_qc_tblGeotraces_Seawater_IDP2021v2"
"942","tblGeotraces_Seawater_IDP2021v2","I_129_D_CONC_BOTTLE","I_129_D_CONC_BOTTLE_tblGeotraces_Seawater_IDP2021v2"
"943","tblGeotraces_Seawater_IDP2021v2","I_129_D_CONC_BOTTLE_qc","I_129_D_CONC_BOTTLE_qc_tblGeotraces_Seawater_IDP2021v2"
"944","tblGeotraces_Seawater_IDP2021v2","Np_237_D_CONC_BOTTLE","Np_237_D_CONC_BOTTLE_tblGeotraces_Seawater_IDP2021v2"
"945","tblGeotraces_Seawater_IDP2021v2","Np_237_D_CONC_BOTTLE_qc","Np_237_D_CONC_BOTTLE_qc_tblGeotraces_Seawater_IDP2021v2"
"946","tblGeotraces_Seawater_IDP2021v2","Pu_239_D_CONC_BOTTLE","Pu_239_D_CONC_BOTTLE_tblGeotraces_Seawater_IDP2021v2"
"947","tblGeotraces_Seawater_IDP2021v2","Pu_239_D_CONC_BOTTLE_qc","Pu_239_D_CONC_BOTTLE_qc_tblGeotraces_Seawater_IDP2021v2"
"948","tblGeotraces_Seawater_IDP2021v2","Pu_239_Pu_240_D_CONC_BOTTLE","Pu_239_Pu_240_D_CONC_BOTTLE_tblGeotraces_Seawater_IDP2021v2"
"949","tblGeotraces_Seawater_IDP2021v2","Pu_239_Pu_240_D_CONC_BOTTLE_qc","Pu_239_Pu_240_D_CONC_BOTTLE_qc_tblGeotraces_Seawater_IDP2021v2"
"950","tblGeotraces_Seawater_IDP2021v2","Pu_240_D_CONC_BOTTLE","Pu_240_D_CONC_BOTTLE_tblGeotraces_Seawater_IDP2021v2"
"951","tblGeotraces_Seawater_IDP2021v2","Pu_240_D_CONC_BOTTLE_qc","Pu_240_D_CONC_BOTTLE_qc_tblGeotraces_Seawater_IDP2021v2"
"952","tblGeotraces_Seawater_IDP2021v2","U_236_238_T_RATIO_BOTTLE","U_236_238_T_RATIO_BOTTLE_tblGeotraces_Seawater_IDP2021v2"
"953","tblGeotraces_Seawater_IDP2021v2","U_236_238_T_RATIO_BOTTLE_qc","U_236_238_T_RATIO_BOTTLE_qc_tblGeotraces_Seawater_IDP2021v2"
"954","tblGeotraces_Seawater_IDP2021v2","U_236_D_CONC_BOTTLE","U_236_D_CONC_BOTTLE_tblGeotraces_Seawater_IDP2021v2"
"955","tblGeotraces_Seawater_IDP2021v2","U_236_D_CONC_BOTTLE_qc","U_236_D_CONC_BOTTLE_qc_tblGeotraces_Seawater_IDP2021v2"
"956","tblGeotraces_Seawater_IDP2021v2","U_236_T_CONC_BOTTLE","U_236_T_CONC_BOTTLE_tblGeotraces_Seawater_IDP2021v2"
"957","tblGeotraces_Seawater_IDP2021v2","U_236_T_CONC_BOTTLE_qc","U_236_T_CONC_BOTTLE_qc_tblGeotraces_Seawater_IDP2021v2"
"958","tblGeotraces_Seawater_IDP2021v2","U_236_D_CONC_FISH","U_236_D_CONC_FISH_tblGeotraces_Seawater_IDP2021v2"
"959","tblGeotraces_Seawater_IDP2021v2","U_236_D_CONC_FISH_qc","U_236_D_CONC_FISH_qc_tblGeotraces_Seawater_IDP2021v2"
"960","tblGeotraces_Seawater_IDP2021v2","Cs_137_D_CONC_UWAY","Cs_137_D_CONC_UWAY_tblGeotraces_Seawater_IDP2021v2"
"961","tblGeotraces_Seawater_IDP2021v2","Cs_137_D_CONC_UWAY_qc","Cs_137_D_CONC_UWAY_qc_tblGeotraces_Seawater_IDP2021v2"
"962","tblGeotraces_Seawater_IDP2021v2","Pu_239_Pu_240_D_CONC_UWAY","Pu_239_Pu_240_D_CONC_UWAY_tblGeotraces_Seawater_IDP2021v2"
"963","tblGeotraces_Seawater_IDP2021v2","Pu_239_Pu_240_D_CONC_UWAY_qc","Pu_239_Pu_240_D_CONC_UWAY_qc_tblGeotraces_Seawater_IDP2021v2"
"964","tblGeotraces_Seawater_IDP2021v2","Pb_206_204_D_RATIO_BOTTLE","Pb_206_204_D_RATIO_BOTTLE_tblGeotraces_Seawater_IDP2021v2"
"965","tblGeotraces_Seawater_IDP2021v2","Pb_206_204_D_RATIO_BOTTLE_qc","Pb_206_204_D_RATIO_BOTTLE_qc_tblGeotraces_Seawater_IDP2021v2"
"966","tblGeotraces_Seawater_IDP2021v2","Pb_206_204_TD_RATIO_BOTTLE","Pb_206_204_TD_RATIO_BOTTLE_tblGeotraces_Seawater_IDP2021v2"
"967","tblGeotraces_Seawater_IDP2021v2","Pb_206_204_TD_RATIO_BOTTLE_qc","Pb_206_204_TD_RATIO_BOTTLE_qc_tblGeotraces_Seawater_IDP2021v2"
"968","tblGeotraces_Seawater_IDP2021v2","Pb_206_207_D_RATIO_BOTTLE","Pb_206_207_D_RATIO_BOTTLE_tblGeotraces_Seawater_IDP2021v2"
"969","tblGeotraces_Seawater_IDP2021v2","Pb_206_207_D_RATIO_BOTTLE_qc","Pb_206_207_D_RATIO_BOTTLE_qc_tblGeotraces_Seawater_IDP2021v2"
"970","tblGeotraces_Seawater_IDP2021v2","Pb_206_207_TD_RATIO_BOTTLE","Pb_206_207_TD_RATIO_BOTTLE_tblGeotraces_Seawater_IDP2021v2"
"971","tblGeotraces_Seawater_IDP2021v2","Pb_206_207_TD_RATIO_BOTTLE_qc","Pb_206_207_TD_RATIO_BOTTLE_qc_tblGeotraces_Seawater_IDP2021v2"
"972","tblGeotraces_Seawater_IDP2021v2","Pb_208_207_D_RATIO_BOTTLE","Pb_208_207_D_RATIO_BOTTLE_tblGeotraces_Seawater_IDP2021v2"
"973","tblGeotraces_Seawater_IDP2021v2","Pb_208_207_D_RATIO_BOTTLE_qc","Pb_208_207_D_RATIO_BOTTLE_qc_tblGeotraces_Seawater_IDP2021v2"
"974","tblGeotraces_Seawater_IDP2021v2","Pb_208_207_TD_RATIO_BOTTLE","Pb_208_207_TD_RATIO_BOTTLE_tblGeotraces_Seawater_IDP2021v2"
"975","tblGeotraces_Seawater_IDP2021v2","Pb_208_207_TD_RATIO_BOTTLE_qc","Pb_208_207_TD_RATIO_BOTTLE_qc_tblGeotraces_Seawater_IDP2021v2"
"976","tblGeotraces_Seawater_IDP2021v2","Pb_207_204_TD_RATIO_BOTTLE","Pb_207_204_TD_RATIO_BOTTLE_tblGeotraces_Seawater_IDP2021v2"
"977","tblGeotraces_Seawater_IDP2021v2","Pb_207_204_TD_RATIO_BOTTLE_qc","Pb_207_204_TD_RATIO_BOTTLE_qc_tblGeotraces_Seawater_IDP2021v2"
"978","tblGeotraces_Seawater_IDP2021v2","Pb_208_204_TD_RATIO_BOTTLE","Pb_208_204_TD_RATIO_BOTTLE_tblGeotraces_Seawater_IDP2021v2"
"979","tblGeotraces_Seawater_IDP2021v2","Pb_208_204_TD_RATIO_BOTTLE_qc","Pb_208_204_TD_RATIO_BOTTLE_qc_tblGeotraces_Seawater_IDP2021v2"
"980","tblGeotraces_Seawater_IDP2021v2","Pb_208_206_D_RATIO_BOTTLE","Pb_208_206_D_RATIO_BOTTLE_tblGeotraces_Seawater_IDP2021v2"
"981","tblGeotraces_Seawater_IDP2021v2","Pb_208_206_D_RATIO_BOTTLE_qc","Pb_208_206_D_RATIO_BOTTLE_qc_tblGeotraces_Seawater_IDP2021v2"
"982","tblGeotraces_Seawater_IDP2021v2","Pb_208_206_TD_RATIO_BOTTLE","Pb_208_206_TD_RATIO_BOTTLE_tblGeotraces_Seawater_IDP2021v2"
"983","tblGeotraces_Seawater_IDP2021v2","Pb_208_206_TD_RATIO_BOTTLE_qc","Pb_208_206_TD_RATIO_BOTTLE_qc_tblGeotraces_Seawater_IDP2021v2"
"984","tblGeotraces_Seawater_IDP2021v2","Pb_206_204_D_RATIO_FISH","Pb_206_204_D_RATIO_FISH_tblGeotraces_Seawater_IDP2021v2"
"985","tblGeotraces_Seawater_IDP2021v2","Pb_206_204_D_RATIO_FISH_qc","Pb_206_204_D_RATIO_FISH_qc_tblGeotraces_Seawater_IDP2021v2"
"986","tblGeotraces_Seawater_IDP2021v2","Pb_206_204_TD_RATIO_FISH","Pb_206_204_TD_RATIO_FISH_tblGeotraces_Seawater_IDP2021v2"
"987","tblGeotraces_Seawater_IDP2021v2","Pb_206_204_TD_RATIO_FISH_qc","Pb_206_204_TD_RATIO_FISH_qc_tblGeotraces_Seawater_IDP2021v2"
"988","tblGeotraces_Seawater_IDP2021v2","Pb_206_207_D_RATIO_FISH","Pb_206_207_D_RATIO_FISH_tblGeotraces_Seawater_IDP2021v2"
"989","tblGeotraces_Seawater_IDP2021v2","Pb_206_207_D_RATIO_FISH_qc","Pb_206_207_D_RATIO_FISH_qc_tblGeotraces_Seawater_IDP2021v2"
"990","tblGeotraces_Seawater_IDP2021v2","Pb_206_207_TD_RATIO_FISH","Pb_206_207_TD_RATIO_FISH_tblGeotraces_Seawater_IDP2021v2"
"991","tblGeotraces_Seawater_IDP2021v2","Pb_206_207_TD_RATIO_FISH_qc","Pb_206_207_TD_RATIO_FISH_qc_tblGeotraces_Seawater_IDP2021v2"
"992","tblGeotraces_Seawater_IDP2021v2","Pb_208_207_D_RATIO_FISH","Pb_208_207_D_RATIO_FISH_tblGeotraces_Seawater_IDP2021v2"
"993","tblGeotraces_Seawater_IDP2021v2","Pb_208_207_D_RATIO_FISH_qc","Pb_208_207_D_RATIO_FISH_qc_tblGeotraces_Seawater_IDP2021v2"
"994","tblGeotraces_Seawater_IDP2021v2","Pb_208_207_TD_RATIO_FISH","Pb_208_207_TD_RATIO_FISH_tblGeotraces_Seawater_IDP2021v2"
"995","tblGeotraces_Seawater_IDP2021v2","Pb_208_207_TD_RATIO_FISH_qc","Pb_208_207_TD_RATIO_FISH_qc_tblGeotraces_Seawater_IDP2021v2"
"996","tblGeotraces_Seawater_IDP2021v2","Pb_207_204_TD_RATIO_FISH","Pb_207_204_TD_RATIO_FISH_tblGeotraces_Seawater_IDP2021v2"
"997","tblGeotraces_Seawater_IDP2021v2","Pb_207_204_TD_RATIO_FISH_qc","Pb_207_204_TD_RATIO_FISH_qc_tblGeotraces_Seawater_IDP2021v2"
"998","tblGeotraces_Seawater_IDP2021v2","Pb_208_204_TD_RATIO_FISH","Pb_208_204_TD_RATIO_FISH_tblGeotraces_Seawater_IDP2021v2"
"999","tblGeotraces_Seawater_IDP2021v2","Pb_208_204_TD_RATIO_FISH_qc","Pb_208_204_TD_RATIO_FISH_qc_tblGeotraces_Seawater_IDP2021v2"
"1000","tblGeotraces_Seawater_IDP2021v2","Pb_208_206_TD_RATIO_FISH","Pb_208_206_TD_RATIO_FISH_tblGeotraces_Seawater_IDP2021v2"
"1001","tblGeotraces_Seawater_IDP2021v2","Pb_208_206_TD_RATIO_FISH_qc","Pb_208_206_TD_RATIO_FISH_qc_tblGeotraces_Seawater_IDP2021v2"
"1002","tblGeotraces_Seawater_IDP2021v2","Pb_206_204_D_RATIO_BOAT_PUMP","Pb_206_204_D_RATIO_BOAT_PUMP_tblGeotraces_Seawater_IDP2021v2"
"1003","tblGeotraces_Seawater_IDP2021v2","Pb_206_204_D_RATIO_BOAT_PUMP_qc","Pb_206_204_D_RATIO_BOAT_PUMP_qc_tblGeotraces_Seawater_IDP2021v2"
"1004","tblGeotraces_Seawater_IDP2021v2","Pb_206_207_D_RATIO_BOAT_PUMP","Pb_206_207_D_RATIO_BOAT_PUMP_tblGeotraces_Seawater_IDP2021v2"
"1005","tblGeotraces_Seawater_IDP2021v2","Pb_206_207_D_RATIO_BOAT_PUMP_qc","Pb_206_207_D_RATIO_BOAT_PUMP_qc_tblGeotraces_Seawater_IDP2021v2"
"1006","tblGeotraces_Seawater_IDP2021v2","Pb_208_207_D_RATIO_BOAT_PUMP","Pb_208_207_D_RATIO_BOAT_PUMP_tblGeotraces_Seawater_IDP2021v2"
"1007","tblGeotraces_Seawater_IDP2021v2","Pb_208_207_D_RATIO_BOAT_PUMP_qc","Pb_208_207_D_RATIO_BOAT_PUMP_qc_tblGeotraces_Seawater_IDP2021v2"
"1008","tblGeotraces_Seawater_IDP2021v2","Pa_231_D_CONC_BOTTLE","Pa_231_D_CONC_BOTTLE_tblGeotraces_Seawater_IDP2021v2"
"1009","tblGeotraces_Seawater_IDP2021v2","Pa_231_D_CONC_BOTTLE_qc","Pa_231_D_CONC_BOTTLE_qc_tblGeotraces_Seawater_IDP2021v2"
"1010","tblGeotraces_Seawater_IDP2021v2","Pb_210_D_CONC_BOTTLE","Pb_210_D_CONC_BOTTLE_tblGeotraces_Seawater_IDP2021v2"
"1011","tblGeotraces_Seawater_IDP2021v2","Pb_210_D_CONC_BOTTLE_qc","Pb_210_D_CONC_BOTTLE_qc_tblGeotraces_Seawater_IDP2021v2"
"1012","tblGeotraces_Seawater_IDP2021v2","Po_210_D_CONC_BOTTLE","Po_210_D_CONC_BOTTLE_tblGeotraces_Seawater_IDP2021v2"
"1013","tblGeotraces_Seawater_IDP2021v2","Po_210_D_CONC_BOTTLE_qc","Po_210_D_CONC_BOTTLE_qc_tblGeotraces_Seawater_IDP2021v2"
"1014","tblGeotraces_Seawater_IDP2021v2","Ra_224_D_CONC_BOTTLE","Ra_224_D_CONC_BOTTLE_tblGeotraces_Seawater_IDP2021v2"
"1015","tblGeotraces_Seawater_IDP2021v2","Ra_224_D_CONC_BOTTLE_qc","Ra_224_D_CONC_BOTTLE_qc_tblGeotraces_Seawater_IDP2021v2"
"1016","tblGeotraces_Seawater_IDP2021v2","Ra_226_D_CONC_BOTTLE","Ra_226_D_CONC_BOTTLE_tblGeotraces_Seawater_IDP2021v2"
"1017","tblGeotraces_Seawater_IDP2021v2","Ra_226_D_CONC_BOTTLE_qc","Ra_226_D_CONC_BOTTLE_qc_tblGeotraces_Seawater_IDP2021v2"
"1018","tblGeotraces_Seawater_IDP2021v2","Ra_228_T_CONC_BOTTLE","Ra_228_T_CONC_BOTTLE_tblGeotraces_Seawater_IDP2021v2"
"1019","tblGeotraces_Seawater_IDP2021v2","Ra_228_T_CONC_BOTTLE_qc","Ra_228_T_CONC_BOTTLE_qc_tblGeotraces_Seawater_IDP2021v2"
"1020","tblGeotraces_Seawater_IDP2021v2","Ra_228_D_CONC_BOTTLE","Ra_228_D_CONC_BOTTLE_tblGeotraces_Seawater_IDP2021v2"
"1021","tblGeotraces_Seawater_IDP2021v2","Ra_228_D_CONC_BOTTLE_qc","Ra_228_D_CONC_BOTTLE_qc_tblGeotraces_Seawater_IDP2021v2"
"1022","tblGeotraces_Seawater_IDP2021v2","Th_230_T_CONC_BOTTLE","Th_230_T_CONC_BOTTLE_tblGeotraces_Seawater_IDP2021v2"
"1023","tblGeotraces_Seawater_IDP2021v2","Th_230_T_CONC_BOTTLE_qc","Th_230_T_CONC_BOTTLE_qc_tblGeotraces_Seawater_IDP2021v2"
"1024","tblGeotraces_Seawater_IDP2021v2","Th_230_D_CONC_BOTTLE","Th_230_D_CONC_BOTTLE_tblGeotraces_Seawater_IDP2021v2"
"1025","tblGeotraces_Seawater_IDP2021v2","Th_230_D_CONC_BOTTLE_qc","Th_230_D_CONC_BOTTLE_qc_tblGeotraces_Seawater_IDP2021v2"
"1026","tblGeotraces_Seawater_IDP2021v2","Th_232_T_CONC_BOTTLE","Th_232_T_CONC_BOTTLE_tblGeotraces_Seawater_IDP2021v2"
"1027","tblGeotraces_Seawater_IDP2021v2","Th_232_T_CONC_BOTTLE_qc","Th_232_T_CONC_BOTTLE_qc_tblGeotraces_Seawater_IDP2021v2"
"1028","tblGeotraces_Seawater_IDP2021v2","Th_232_D_CONC_BOTTLE","Th_232_D_CONC_BOTTLE_tblGeotraces_Seawater_IDP2021v2"
"1029","tblGeotraces_Seawater_IDP2021v2","Th_232_D_CONC_BOTTLE_qc","Th_232_D_CONC_BOTTLE_qc_tblGeotraces_Seawater_IDP2021v2"
"1030","tblGeotraces_Seawater_IDP2021v2","Th_234_T_CONC_BOTTLE","Th_234_T_CONC_BOTTLE_tblGeotraces_Seawater_IDP2021v2"
"1031","tblGeotraces_Seawater_IDP2021v2","Th_234_T_CONC_BOTTLE_qc","Th_234_T_CONC_BOTTLE_qc_tblGeotraces_Seawater_IDP2021v2"
"1032","tblGeotraces_Seawater_IDP2021v2","Ac_227_D_CONC_PUMP","Ac_227_D_CONC_PUMP_tblGeotraces_Seawater_IDP2021v2"
"1033","tblGeotraces_Seawater_IDP2021v2","Ac_227_D_CONC_PUMP_qc","Ac_227_D_CONC_PUMP_qc_tblGeotraces_Seawater_IDP2021v2"
"1034","tblGeotraces_Seawater_IDP2021v2","Be_7_T_CONC_PUMP","Be_7_T_CONC_PUMP_tblGeotraces_Seawater_IDP2021v2"
"1035","tblGeotraces_Seawater_IDP2021v2","Be_7_T_CONC_PUMP_qc","Be_7_T_CONC_PUMP_qc_tblGeotraces_Seawater_IDP2021v2"
"1036","tblGeotraces_Seawater_IDP2021v2","Be_7_D_CONC_PUMP","Be_7_D_CONC_PUMP_tblGeotraces_Seawater_IDP2021v2"
"1037","tblGeotraces_Seawater_IDP2021v2","Be_7_D_CONC_PUMP_qc","Be_7_D_CONC_PUMP_qc_tblGeotraces_Seawater_IDP2021v2"
"1038","tblGeotraces_Seawater_IDP2021v2","Ra_223_D_CONC_PUMP","Ra_223_D_CONC_PUMP_tblGeotraces_Seawater_IDP2021v2"
"1039","tblGeotraces_Seawater_IDP2021v2","Ra_223_D_CONC_PUMP_qc","Ra_223_D_CONC_PUMP_qc_tblGeotraces_Seawater_IDP2021v2"
"1040","tblGeotraces_Seawater_IDP2021v2","Ra_224_D_CONC_PUMP","Ra_224_D_CONC_PUMP_tblGeotraces_Seawater_IDP2021v2"
"1041","tblGeotraces_Seawater_IDP2021v2","Ra_224_D_CONC_PUMP_qc","Ra_224_D_CONC_PUMP_qc_tblGeotraces_Seawater_IDP2021v2"
"1042","tblGeotraces_Seawater_IDP2021v2","Ra_226_D_CONC_PUMP","Ra_226_D_CONC_PUMP_tblGeotraces_Seawater_IDP2021v2"
"1043","tblGeotraces_Seawater_IDP2021v2","Ra_226_D_CONC_PUMP_qc","Ra_226_D_CONC_PUMP_qc_tblGeotraces_Seawater_IDP2021v2"
"1044","tblGeotraces_Seawater_IDP2021v2","Ra_228_T_CONC_PUMP","Ra_228_T_CONC_PUMP_tblGeotraces_Seawater_IDP2021v2"
"1045","tblGeotraces_Seawater_IDP2021v2","Ra_228_T_CONC_PUMP_qc","Ra_228_T_CONC_PUMP_qc_tblGeotraces_Seawater_IDP2021v2"
"1046","tblGeotraces_Seawater_IDP2021v2","Ra_228_D_CONC_PUMP","Ra_228_D_CONC_PUMP_tblGeotraces_Seawater_IDP2021v2"
"1047","tblGeotraces_Seawater_IDP2021v2","Ra_228_D_CONC_PUMP_qc","Ra_228_D_CONC_PUMP_qc_tblGeotraces_Seawater_IDP2021v2"
"1048","tblGeotraces_Seawater_IDP2021v2","Th_228_D_CONC_PUMP","Th_228_D_CONC_PUMP_tblGeotraces_Seawater_IDP2021v2"
"1049","tblGeotraces_Seawater_IDP2021v2","Th_228_D_CONC_PUMP_qc","Th_228_D_CONC_PUMP_qc_tblGeotraces_Seawater_IDP2021v2"
"1050","tblGeotraces_Seawater_IDP2021v2","Th_234_T_CONC_PUMP","Th_234_T_CONC_PUMP_tblGeotraces_Seawater_IDP2021v2"
"1051","tblGeotraces_Seawater_IDP2021v2","Th_234_T_CONC_PUMP_qc","Th_234_T_CONC_PUMP_qc_tblGeotraces_Seawater_IDP2021v2"
"1052","tblGeotraces_Seawater_IDP2021v2","Pa_231_D_CONC_FISH","Pa_231_D_CONC_FISH_tblGeotraces_Seawater_IDP2021v2"
"1053","tblGeotraces_Seawater_IDP2021v2","Pa_231_D_CONC_FISH_qc","Pa_231_D_CONC_FISH_qc_tblGeotraces_Seawater_IDP2021v2"
"1054","tblGeotraces_Seawater_IDP2021v2","Pb_210_D_CONC_FISH","Pb_210_D_CONC_FISH_tblGeotraces_Seawater_IDP2021v2"
"1055","tblGeotraces_Seawater_IDP2021v2","Pb_210_D_CONC_FISH_qc","Pb_210_D_CONC_FISH_qc_tblGeotraces_Seawater_IDP2021v2"
"1056","tblGeotraces_Seawater_IDP2021v2","Po_210_D_CONC_FISH","Po_210_D_CONC_FISH_tblGeotraces_Seawater_IDP2021v2"
"1057","tblGeotraces_Seawater_IDP2021v2","Po_210_D_CONC_FISH_qc","Po_210_D_CONC_FISH_qc_tblGeotraces_Seawater_IDP2021v2"
"1058","tblGeotraces_Seawater_IDP2021v2","Ra_226_D_CONC_FISH","Ra_226_D_CONC_FISH_tblGeotraces_Seawater_IDP2021v2"
"1059","tblGeotraces_Seawater_IDP2021v2","Ra_226_D_CONC_FISH_qc","Ra_226_D_CONC_FISH_qc_tblGeotraces_Seawater_IDP2021v2"
"1060","tblGeotraces_Seawater_IDP2021v2","Ra_228_T_CONC_FISH","Ra_228_T_CONC_FISH_tblGeotraces_Seawater_IDP2021v2"
"1061","tblGeotraces_Seawater_IDP2021v2","Ra_228_T_CONC_FISH_qc","Ra_228_T_CONC_FISH_qc_tblGeotraces_Seawater_IDP2021v2"
"1062","tblGeotraces_Seawater_IDP2021v2","Th_230_D_CONC_FISH","Th_230_D_CONC_FISH_tblGeotraces_Seawater_IDP2021v2"
"1063","tblGeotraces_Seawater_IDP2021v2","Th_230_D_CONC_FISH_qc","Th_230_D_CONC_FISH_qc_tblGeotraces_Seawater_IDP2021v2"
"1064","tblGeotraces_Seawater_IDP2021v2","Th_232_D_CONC_FISH","Th_232_D_CONC_FISH_tblGeotraces_Seawater_IDP2021v2"
"1065","tblGeotraces_Seawater_IDP2021v2","Th_232_D_CONC_FISH_qc","Th_232_D_CONC_FISH_qc_tblGeotraces_Seawater_IDP2021v2"
"1066","tblGeotraces_Seawater_IDP2021v2","Th_234_T_CONC_FISH","Th_234_T_CONC_FISH_tblGeotraces_Seawater_IDP2021v2"
"1067","tblGeotraces_Seawater_IDP2021v2","Th_234_T_CONC_FISH_qc","Th_234_T_CONC_FISH_qc_tblGeotraces_Seawater_IDP2021v2"
"1068","tblGeotraces_Seawater_IDP2021v2","Pa_231_D_CONC_UWAY","Pa_231_D_CONC_UWAY_tblGeotraces_Seawater_IDP2021v2"
"1069","tblGeotraces_Seawater_IDP2021v2","Pa_231_D_CONC_UWAY_qc","Pa_231_D_CONC_UWAY_qc_tblGeotraces_Seawater_IDP2021v2"
"1070","tblGeotraces_Seawater_IDP2021v2","Po_210_D_CONC_UWAY","Po_210_D_CONC_UWAY_tblGeotraces_Seawater_IDP2021v2"
"1071","tblGeotraces_Seawater_IDP2021v2","Po_210_D_CONC_UWAY_qc","Po_210_D_CONC_UWAY_qc_tblGeotraces_Seawater_IDP2021v2"
"1072","tblGeotraces_Seawater_IDP2021v2","Pb_210_D_CONC_UWAY","Pb_210_D_CONC_UWAY_tblGeotraces_Seawater_IDP2021v2"
"1073","tblGeotraces_Seawater_IDP2021v2","Pb_210_D_CONC_UWAY_qc","Pb_210_D_CONC_UWAY_qc_tblGeotraces_Seawater_IDP2021v2"
"1074","tblGeotraces_Seawater_IDP2021v2","Ra_224_D_CONC_UWAY","Ra_224_D_CONC_UWAY_tblGeotraces_Seawater_IDP2021v2"
"1075","tblGeotraces_Seawater_IDP2021v2","Ra_224_D_CONC_UWAY_qc","Ra_224_D_CONC_UWAY_qc_tblGeotraces_Seawater_IDP2021v2"
"1076","tblGeotraces_Seawater_IDP2021v2","Ra_226_D_CONC_UWAY","Ra_226_D_CONC_UWAY_tblGeotraces_Seawater_IDP2021v2"
"1077","tblGeotraces_Seawater_IDP2021v2","Ra_226_D_CONC_UWAY_qc","Ra_226_D_CONC_UWAY_qc_tblGeotraces_Seawater_IDP2021v2"
"1078","tblGeotraces_Seawater_IDP2021v2","Ra_228_D_CONC_UWAY","Ra_228_D_CONC_UWAY_tblGeotraces_Seawater_IDP2021v2"
"1079","tblGeotraces_Seawater_IDP2021v2","Ra_228_D_CONC_UWAY_qc","Ra_228_D_CONC_UWAY_qc_tblGeotraces_Seawater_IDP2021v2"
"1080","tblGeotraces_Seawater_IDP2021v2","Th_228_D_CONC_UWAY","Th_228_D_CONC_UWAY_tblGeotraces_Seawater_IDP2021v2"
"1081","tblGeotraces_Seawater_IDP2021v2","Th_228_D_CONC_UWAY_qc","Th_228_D_CONC_UWAY_qc_tblGeotraces_Seawater_IDP2021v2"
"1082","tblGeotraces_Seawater_IDP2021v2","Th_230_D_CONC_UWAY","Th_230_D_CONC_UWAY_tblGeotraces_Seawater_IDP2021v2"
"1083","tblGeotraces_Seawater_IDP2021v2","Th_230_D_CONC_UWAY_qc","Th_230_D_CONC_UWAY_qc_tblGeotraces_Seawater_IDP2021v2"
"1084","tblGeotraces_Seawater_IDP2021v2","Th_232_D_CONC_UWAY","Th_232_D_CONC_UWAY_tblGeotraces_Seawater_IDP2021v2"
"1085","tblGeotraces_Seawater_IDP2021v2","Th_232_D_CONC_UWAY_qc","Th_232_D_CONC_UWAY_qc_tblGeotraces_Seawater_IDP2021v2"
"1086","tblGeotraces_Seawater_IDP2021v2","Th_234_T_CONC_UWAY","Th_234_T_CONC_UWAY_tblGeotraces_Seawater_IDP2021v2"
"1087","tblGeotraces_Seawater_IDP2021v2","Th_234_T_CONC_UWAY_qc","Th_234_T_CONC_UWAY_qc_tblGeotraces_Seawater_IDP2021v2"
"1088","tblGeotraces_Seawater_IDP2021v2","Pa_231_D_CONC_BOAT_PUMP","Pa_231_D_CONC_BOAT_PUMP_tblGeotraces_Seawater_IDP2021v2"
"1089","tblGeotraces_Seawater_IDP2021v2","Pa_231_D_CONC_BOAT_PUMP_qc","Pa_231_D_CONC_BOAT_PUMP_qc_tblGeotraces_Seawater_IDP2021v2"
"1090","tblGeotraces_Seawater_IDP2021v2","Th_230_D_CONC_BOAT_PUMP","Th_230_D_CONC_BOAT_PUMP_tblGeotraces_Seawater_IDP2021v2"
"1091","tblGeotraces_Seawater_IDP2021v2","Th_230_D_CONC_BOAT_PUMP_qc","Th_230_D_CONC_BOAT_PUMP_qc_tblGeotraces_Seawater_IDP2021v2"
"1092","tblGeotraces_Seawater_IDP2021v2","Th_232_D_CONC_BOAT_PUMP","Th_232_D_CONC_BOAT_PUMP_tblGeotraces_Seawater_IDP2021v2"
"1093","tblGeotraces_Seawater_IDP2021v2","Th_232_D_CONC_BOAT_PUMP_qc","Th_232_D_CONC_BOAT_PUMP_qc_tblGeotraces_Seawater_IDP2021v2"
"1094","tblGeotraces_Seawater_IDP2021v2","Pa_231_D_CONC_SUBICE_PUMP","Pa_231_D_CONC_SUBICE_PUMP_tblGeotraces_Seawater_IDP2021v2"
"1095","tblGeotraces_Seawater_IDP2021v2","Pa_231_D_CONC_SUBICE_PUMP_qc","Pa_231_D_CONC_SUBICE_PUMP_qc_tblGeotraces_Seawater_IDP2021v2"
"1096","tblGeotraces_Seawater_IDP2021v2","Th_230_D_CONC_SUBICE_PUMP","Th_230_D_CONC_SUBICE_PUMP_tblGeotraces_Seawater_IDP2021v2"
"1097","tblGeotraces_Seawater_IDP2021v2","Th_230_D_CONC_SUBICE_PUMP_qc","Th_230_D_CONC_SUBICE_PUMP_qc_tblGeotraces_Seawater_IDP2021v2"
"1098","tblGeotraces_Seawater_IDP2021v2","Th_232_D_CONC_SUBICE_PUMP","Th_232_D_CONC_SUBICE_PUMP_tblGeotraces_Seawater_IDP2021v2"
"1099","tblGeotraces_Seawater_IDP2021v2","Th_232_D_CONC_SUBICE_PUMP_qc","Th_232_D_CONC_SUBICE_PUMP_qc_tblGeotraces_Seawater_IDP2021v2"
"1100","tblGeotraces_Seawater_IDP2021v2","Th_234_T_CONC_SUBICE_PUMP","Th_234_T_CONC_SUBICE_PUMP_tblGeotraces_Seawater_IDP2021v2"
"1101","tblGeotraces_Seawater_IDP2021v2","Th_234_T_CONC_SUBICE_PUMP_qc","Th_234_T_CONC_SUBICE_PUMP_qc_tblGeotraces_Seawater_IDP2021v2"
"1102","tblGeotraces_Seawater_IDP2021v2","Hf_176_177_D_EPSILON_BOTTLE","Hf_176_177_D_EPSILON_BOTTLE_tblGeotraces_Seawater_IDP2021v2"
"1103","tblGeotraces_Seawater_IDP2021v2","Hf_176_177_D_EPSILON_BOTTLE_qc","Hf_176_177_D_EPSILON_BOTTLE_qc_tblGeotraces_Seawater_IDP2021v2"
"1104","tblGeotraces_Seawater_IDP2021v2","Nd_143_144_D_EPSILON_BOTTLE","Nd_143_144_D_EPSILON_BOTTLE_tblGeotraces_Seawater_IDP2021v2"
"1105","tblGeotraces_Seawater_IDP2021v2","Nd_143_144_D_EPSILON_BOTTLE_qc","Nd_143_144_D_EPSILON_BOTTLE_qc_tblGeotraces_Seawater_IDP2021v2"
"1106","tblGeotraces_Seawater_IDP2021v2","Hf_176_177_D_EPSILON_FISH","Hf_176_177_D_EPSILON_FISH_tblGeotraces_Seawater_IDP2021v2"
"1107","tblGeotraces_Seawater_IDP2021v2","Hf_176_177_D_EPSILON_FISH_qc","Hf_176_177_D_EPSILON_FISH_qc_tblGeotraces_Seawater_IDP2021v2"
"1108","tblGeotraces_Seawater_IDP2021v2","Nd_143_144_D_EPSILON_FISH","Nd_143_144_D_EPSILON_FISH_tblGeotraces_Seawater_IDP2021v2"
"1109","tblGeotraces_Seawater_IDP2021v2","Nd_143_144_D_EPSILON_FISH_qc","Nd_143_144_D_EPSILON_FISH_qc_tblGeotraces_Seawater_IDP2021v2"
"1110","tblGeotraces_Seawater_IDP2021v2","Nd_143_144_D_EPSILON_UWAY","Nd_143_144_D_EPSILON_UWAY_tblGeotraces_Seawater_IDP2021v2"
"1111","tblGeotraces_Seawater_IDP2021v2","Nd_143_144_D_EPSILON_UWAY_qc","Nd_143_144_D_EPSILON_UWAY_qc_tblGeotraces_Seawater_IDP2021v2"
"1112","tblGeotraces_Seawater_IDP2021v2","Y_D_CONC_BOTTLE","Y_D_CONC_BOTTLE_tblGeotraces_Seawater_IDP2021v2"
"1113","tblGeotraces_Seawater_IDP2021v2","Y_D_CONC_BOTTLE_qc","Y_D_CONC_BOTTLE_qc_tblGeotraces_Seawater_IDP2021v2"
"1114","tblGeotraces_Seawater_IDP2021v2","La_D_CONC_BOTTLE","La_D_CONC_BOTTLE_tblGeotraces_Seawater_IDP2021v2"
"1115","tblGeotraces_Seawater_IDP2021v2","La_D_CONC_BOTTLE_qc","La_D_CONC_BOTTLE_qc_tblGeotraces_Seawater_IDP2021v2"
"1116","tblGeotraces_Seawater_IDP2021v2","Ce_D_CONC_BOTTLE","Ce_D_CONC_BOTTLE_tblGeotraces_Seawater_IDP2021v2"
"1117","tblGeotraces_Seawater_IDP2021v2","Ce_D_CONC_BOTTLE_qc","Ce_D_CONC_BOTTLE_qc_tblGeotraces_Seawater_IDP2021v2"
"1118","tblGeotraces_Seawater_IDP2021v2","Pr_D_CONC_BOTTLE","Pr_D_CONC_BOTTLE_tblGeotraces_Seawater_IDP2021v2"
"1119","tblGeotraces_Seawater_IDP2021v2","Pr_D_CONC_BOTTLE_qc","Pr_D_CONC_BOTTLE_qc_tblGeotraces_Seawater_IDP2021v2"
"1120","tblGeotraces_Seawater_IDP2021v2","Nd_D_CONC_BOTTLE","Nd_D_CONC_BOTTLE_tblGeotraces_Seawater_IDP2021v2"
"1121","tblGeotraces_Seawater_IDP2021v2","Nd_D_CONC_BOTTLE_qc","Nd_D_CONC_BOTTLE_qc_tblGeotraces_Seawater_IDP2021v2"
"1122","tblGeotraces_Seawater_IDP2021v2","Sm_D_CONC_BOTTLE","Sm_D_CONC_BOTTLE_tblGeotraces_Seawater_IDP2021v2"
"1123","tblGeotraces_Seawater_IDP2021v2","Sm_D_CONC_BOTTLE_qc","Sm_D_CONC_BOTTLE_qc_tblGeotraces_Seawater_IDP2021v2"
"1124","tblGeotraces_Seawater_IDP2021v2","Eu_D_CONC_BOTTLE","Eu_D_CONC_BOTTLE_tblGeotraces_Seawater_IDP2021v2"
"1125","tblGeotraces_Seawater_IDP2021v2","Eu_D_CONC_BOTTLE_qc","Eu_D_CONC_BOTTLE_qc_tblGeotraces_Seawater_IDP2021v2"
"1126","tblGeotraces_Seawater_IDP2021v2","Gd_D_CONC_BOTTLE","Gd_D_CONC_BOTTLE_tblGeotraces_Seawater_IDP2021v2"
"1127","tblGeotraces_Seawater_IDP2021v2","Gd_D_CONC_BOTTLE_qc","Gd_D_CONC_BOTTLE_qc_tblGeotraces_Seawater_IDP2021v2"
"1128","tblGeotraces_Seawater_IDP2021v2","Tb_D_CONC_BOTTLE","Tb_D_CONC_BOTTLE_tblGeotraces_Seawater_IDP2021v2"
"1129","tblGeotraces_Seawater_IDP2021v2","Tb_D_CONC_BOTTLE_qc","Tb_D_CONC_BOTTLE_qc_tblGeotraces_Seawater_IDP2021v2"
"1130","tblGeotraces_Seawater_IDP2021v2","Dy_D_CONC_BOTTLE","Dy_D_CONC_BOTTLE_tblGeotraces_Seawater_IDP2021v2"
"1131","tblGeotraces_Seawater_IDP2021v2","Dy_D_CONC_BOTTLE_qc","Dy_D_CONC_BOTTLE_qc_tblGeotraces_Seawater_IDP2021v2"
"1132","tblGeotraces_Seawater_IDP2021v2","Ho_D_CONC_BOTTLE","Ho_D_CONC_BOTTLE_tblGeotraces_Seawater_IDP2021v2"
"1133","tblGeotraces_Seawater_IDP2021v2","Ho_D_CONC_BOTTLE_qc","Ho_D_CONC_BOTTLE_qc_tblGeotraces_Seawater_IDP2021v2"
"1134","tblGeotraces_Seawater_IDP2021v2","Er_D_CONC_BOTTLE","Er_D_CONC_BOTTLE_tblGeotraces_Seawater_IDP2021v2"
"1135","tblGeotraces_Seawater_IDP2021v2","Er_D_CONC_BOTTLE_qc","Er_D_CONC_BOTTLE_qc_tblGeotraces_Seawater_IDP2021v2"
"1136","tblGeotraces_Seawater_IDP2021v2","Tm_D_CONC_BOTTLE","Tm_D_CONC_BOTTLE_tblGeotraces_Seawater_IDP2021v2"
"1137","tblGeotraces_Seawater_IDP2021v2","Tm_D_CONC_BOTTLE_qc","Tm_D_CONC_BOTTLE_qc_tblGeotraces_Seawater_IDP2021v2"
"1138","tblGeotraces_Seawater_IDP2021v2","Yb_D_CONC_BOTTLE","Yb_D_CONC_BOTTLE_tblGeotraces_Seawater_IDP2021v2"
"1139","tblGeotraces_Seawater_IDP2021v2","Yb_D_CONC_BOTTLE_qc","Yb_D_CONC_BOTTLE_qc_tblGeotraces_Seawater_IDP2021v2"
"1140","tblGeotraces_Seawater_IDP2021v2","Lu_D_CONC_BOTTLE","Lu_D_CONC_BOTTLE_tblGeotraces_Seawater_IDP2021v2"
"1141","tblGeotraces_Seawater_IDP2021v2","Lu_D_CONC_BOTTLE_qc","Lu_D_CONC_BOTTLE_qc_tblGeotraces_Seawater_IDP2021v2"
"1142","tblGeotraces_Seawater_IDP2021v2","Y_D_CONC_FISH","Y_D_CONC_FISH_tblGeotraces_Seawater_IDP2021v2"
"1143","tblGeotraces_Seawater_IDP2021v2","Y_D_CONC_FISH_qc","Y_D_CONC_FISH_qc_tblGeotraces_Seawater_IDP2021v2"
"1144","tblGeotraces_Seawater_IDP2021v2","La_D_CONC_FISH","La_D_CONC_FISH_tblGeotraces_Seawater_IDP2021v2"
"1145","tblGeotraces_Seawater_IDP2021v2","La_D_CONC_FISH_qc","La_D_CONC_FISH_qc_tblGeotraces_Seawater_IDP2021v2"
"1146","tblGeotraces_Seawater_IDP2021v2","Ce_D_CONC_FISH","Ce_D_CONC_FISH_tblGeotraces_Seawater_IDP2021v2"
"1147","tblGeotraces_Seawater_IDP2021v2","Ce_D_CONC_FISH_qc","Ce_D_CONC_FISH_qc_tblGeotraces_Seawater_IDP2021v2"
"1148","tblGeotraces_Seawater_IDP2021v2","Pr_D_CONC_FISH","Pr_D_CONC_FISH_tblGeotraces_Seawater_IDP2021v2"
"1149","tblGeotraces_Seawater_IDP2021v2","Pr_D_CONC_FISH_qc","Pr_D_CONC_FISH_qc_tblGeotraces_Seawater_IDP2021v2"
"1150","tblGeotraces_Seawater_IDP2021v2","Nd_D_CONC_FISH","Nd_D_CONC_FISH_tblGeotraces_Seawater_IDP2021v2"
"1151","tblGeotraces_Seawater_IDP2021v2","Nd_D_CONC_FISH_qc","Nd_D_CONC_FISH_qc_tblGeotraces_Seawater_IDP2021v2"
"1152","tblGeotraces_Seawater_IDP2021v2","Sm_D_CONC_FISH","Sm_D_CONC_FISH_tblGeotraces_Seawater_IDP2021v2"
"1153","tblGeotraces_Seawater_IDP2021v2","Sm_D_CONC_FISH_qc","Sm_D_CONC_FISH_qc_tblGeotraces_Seawater_IDP2021v2"
"1154","tblGeotraces_Seawater_IDP2021v2","Eu_D_CONC_FISH","Eu_D_CONC_FISH_tblGeotraces_Seawater_IDP2021v2"
"1155","tblGeotraces_Seawater_IDP2021v2","Eu_D_CONC_FISH_qc","Eu_D_CONC_FISH_qc_tblGeotraces_Seawater_IDP2021v2"
"1156","tblGeotraces_Seawater_IDP2021v2","Gd_D_CONC_FISH","Gd_D_CONC_FISH_tblGeotraces_Seawater_IDP2021v2"
"1157","tblGeotraces_Seawater_IDP2021v2","Gd_D_CONC_FISH_qc","Gd_D_CONC_FISH_qc_tblGeotraces_Seawater_IDP2021v2"
"1158","tblGeotraces_Seawater_IDP2021v2","Tb_D_CONC_FISH","Tb_D_CONC_FISH_tblGeotraces_Seawater_IDP2021v2"
"1159","tblGeotraces_Seawater_IDP2021v2","Tb_D_CONC_FISH_qc","Tb_D_CONC_FISH_qc_tblGeotraces_Seawater_IDP2021v2"
"1160","tblGeotraces_Seawater_IDP2021v2","Dy_D_CONC_FISH","Dy_D_CONC_FISH_tblGeotraces_Seawater_IDP2021v2"
"1161","tblGeotraces_Seawater_IDP2021v2","Dy_D_CONC_FISH_qc","Dy_D_CONC_FISH_qc_tblGeotraces_Seawater_IDP2021v2"
"1162","tblGeotraces_Seawater_IDP2021v2","Ho_D_CONC_FISH","Ho_D_CONC_FISH_tblGeotraces_Seawater_IDP2021v2"
"1163","tblGeotraces_Seawater_IDP2021v2","Ho_D_CONC_FISH_qc","Ho_D_CONC_FISH_qc_tblGeotraces_Seawater_IDP2021v2"
"1164","tblGeotraces_Seawater_IDP2021v2","Er_D_CONC_FISH","Er_D_CONC_FISH_tblGeotraces_Seawater_IDP2021v2"
"1165","tblGeotraces_Seawater_IDP2021v2","Er_D_CONC_FISH_qc","Er_D_CONC_FISH_qc_tblGeotraces_Seawater_IDP2021v2"
"1166","tblGeotraces_Seawater_IDP2021v2","Tm_D_CONC_FISH","Tm_D_CONC_FISH_tblGeotraces_Seawater_IDP2021v2"
"1167","tblGeotraces_Seawater_IDP2021v2","Tm_D_CONC_FISH_qc","Tm_D_CONC_FISH_qc_tblGeotraces_Seawater_IDP2021v2"
"1168","tblGeotraces_Seawater_IDP2021v2","Yb_D_CONC_FISH","Yb_D_CONC_FISH_tblGeotraces_Seawater_IDP2021v2"
"1169","tblGeotraces_Seawater_IDP2021v2","Yb_D_CONC_FISH_qc","Yb_D_CONC_FISH_qc_tblGeotraces_Seawater_IDP2021v2"
"1170","tblGeotraces_Seawater_IDP2021v2","Lu_D_CONC_FISH","Lu_D_CONC_FISH_tblGeotraces_Seawater_IDP2021v2"
"1171","tblGeotraces_Seawater_IDP2021v2","Lu_D_CONC_FISH_qc","Lu_D_CONC_FISH_qc_tblGeotraces_Seawater_IDP2021v2"
"1172","tblGeotraces_Seawater_IDP2021v2","La_D_CONC_UWAY","La_D_CONC_UWAY_tblGeotraces_Seawater_IDP2021v2"
"1173","tblGeotraces_Seawater_IDP2021v2","La_D_CONC_UWAY_qc","La_D_CONC_UWAY_qc_tblGeotraces_Seawater_IDP2021v2"
"1174","tblGeotraces_Seawater_IDP2021v2","Ce_D_CONC_UWAY","Ce_D_CONC_UWAY_tblGeotraces_Seawater_IDP2021v2"
"1175","tblGeotraces_Seawater_IDP2021v2","Ce_D_CONC_UWAY_qc","Ce_D_CONC_UWAY_qc_tblGeotraces_Seawater_IDP2021v2"
"1176","tblGeotraces_Seawater_IDP2021v2","Pr_D_CONC_UWAY","Pr_D_CONC_UWAY_tblGeotraces_Seawater_IDP2021v2"
"1177","tblGeotraces_Seawater_IDP2021v2","Pr_D_CONC_UWAY_qc","Pr_D_CONC_UWAY_qc_tblGeotraces_Seawater_IDP2021v2"
"1178","tblGeotraces_Seawater_IDP2021v2","Nd_D_CONC_UWAY","Nd_D_CONC_UWAY_tblGeotraces_Seawater_IDP2021v2"
"1179","tblGeotraces_Seawater_IDP2021v2","Nd_D_CONC_UWAY_qc","Nd_D_CONC_UWAY_qc_tblGeotraces_Seawater_IDP2021v2"
"1180","tblGeotraces_Seawater_IDP2021v2","Sm_D_CONC_UWAY","Sm_D_CONC_UWAY_tblGeotraces_Seawater_IDP2021v2"
"1181","tblGeotraces_Seawater_IDP2021v2","Sm_D_CONC_UWAY_qc","Sm_D_CONC_UWAY_qc_tblGeotraces_Seawater_IDP2021v2"
"1182","tblGeotraces_Seawater_IDP2021v2","Eu_D_CONC_UWAY","Eu_D_CONC_UWAY_tblGeotraces_Seawater_IDP2021v2"
"1183","tblGeotraces_Seawater_IDP2021v2","Eu_D_CONC_UWAY_qc","Eu_D_CONC_UWAY_qc_tblGeotraces_Seawater_IDP2021v2"
"1184","tblGeotraces_Seawater_IDP2021v2","Gd_D_CONC_UWAY","Gd_D_CONC_UWAY_tblGeotraces_Seawater_IDP2021v2"
"1185","tblGeotraces_Seawater_IDP2021v2","Gd_D_CONC_UWAY_qc","Gd_D_CONC_UWAY_qc_tblGeotraces_Seawater_IDP2021v2"
"1186","tblGeotraces_Seawater_IDP2021v2","Tb_D_CONC_UWAY","Tb_D_CONC_UWAY_tblGeotraces_Seawater_IDP2021v2"
"1187","tblGeotraces_Seawater_IDP2021v2","Tb_D_CONC_UWAY_qc","Tb_D_CONC_UWAY_qc_tblGeotraces_Seawater_IDP2021v2"
"1188","tblGeotraces_Seawater_IDP2021v2","Dy_D_CONC_UWAY","Dy_D_CONC_UWAY_tblGeotraces_Seawater_IDP2021v2"
"1189","tblGeotraces_Seawater_IDP2021v2","Dy_D_CONC_UWAY_qc","Dy_D_CONC_UWAY_qc_tblGeotraces_Seawater_IDP2021v2"
"1190","tblGeotraces_Seawater_IDP2021v2","Ho_D_CONC_UWAY","Ho_D_CONC_UWAY_tblGeotraces_Seawater_IDP2021v2"
"1191","tblGeotraces_Seawater_IDP2021v2","Ho_D_CONC_UWAY_qc","Ho_D_CONC_UWAY_qc_tblGeotraces_Seawater_IDP2021v2"
"1192","tblGeotraces_Seawater_IDP2021v2","Er_D_CONC_UWAY","Er_D_CONC_UWAY_tblGeotraces_Seawater_IDP2021v2"
"1193","tblGeotraces_Seawater_IDP2021v2","Er_D_CONC_UWAY_qc","Er_D_CONC_UWAY_qc_tblGeotraces_Seawater_IDP2021v2"
"1194","tblGeotraces_Seawater_IDP2021v2","Tm_D_CONC_UWAY","Tm_D_CONC_UWAY_tblGeotraces_Seawater_IDP2021v2"
"1195","tblGeotraces_Seawater_IDP2021v2","Tm_D_CONC_UWAY_qc","Tm_D_CONC_UWAY_qc_tblGeotraces_Seawater_IDP2021v2"
"1196","tblGeotraces_Seawater_IDP2021v2","Yb_D_CONC_UWAY","Yb_D_CONC_UWAY_tblGeotraces_Seawater_IDP2021v2"
"1197","tblGeotraces_Seawater_IDP2021v2","Yb_D_CONC_UWAY_qc","Yb_D_CONC_UWAY_qc_tblGeotraces_Seawater_IDP2021v2"
"1198","tblGeotraces_Seawater_IDP2021v2","Lu_D_CONC_UWAY","Lu_D_CONC_UWAY_tblGeotraces_Seawater_IDP2021v2"
"1199","tblGeotraces_Seawater_IDP2021v2","Lu_D_CONC_UWAY_qc","Lu_D_CONC_UWAY_qc_tblGeotraces_Seawater_IDP2021v2"
"1200","tblGeotraces_Seawater_IDP2021v2","La_D_CONC_BOAT_PUMP","La_D_CONC_BOAT_PUMP_tblGeotraces_Seawater_IDP2021v2"
"1201","tblGeotraces_Seawater_IDP2021v2","La_D_CONC_BOAT_PUMP_qc","La_D_CONC_BOAT_PUMP_qc_tblGeotraces_Seawater_IDP2021v2"
"1202","tblGeotraces_Seawater_IDP2021v2","Ce_D_CONC_BOAT_PUMP","Ce_D_CONC_BOAT_PUMP_tblGeotraces_Seawater_IDP2021v2"
"1203","tblGeotraces_Seawater_IDP2021v2","Ce_D_CONC_BOAT_PUMP_qc","Ce_D_CONC_BOAT_PUMP_qc_tblGeotraces_Seawater_IDP2021v2"
"1204","tblGeotraces_Seawater_IDP2021v2","Pr_D_CONC_BOAT_PUMP","Pr_D_CONC_BOAT_PUMP_tblGeotraces_Seawater_IDP2021v2"
"1205","tblGeotraces_Seawater_IDP2021v2","Pr_D_CONC_BOAT_PUMP_qc","Pr_D_CONC_BOAT_PUMP_qc_tblGeotraces_Seawater_IDP2021v2"
"1206","tblGeotraces_Seawater_IDP2021v2","Nd_D_CONC_BOAT_PUMP","Nd_D_CONC_BOAT_PUMP_tblGeotraces_Seawater_IDP2021v2"
"1207","tblGeotraces_Seawater_IDP2021v2","Nd_D_CONC_BOAT_PUMP_qc","Nd_D_CONC_BOAT_PUMP_qc_tblGeotraces_Seawater_IDP2021v2"
"1208","tblGeotraces_Seawater_IDP2021v2","Sm_D_CONC_BOAT_PUMP","Sm_D_CONC_BOAT_PUMP_tblGeotraces_Seawater_IDP2021v2"
"1209","tblGeotraces_Seawater_IDP2021v2","Sm_D_CONC_BOAT_PUMP_qc","Sm_D_CONC_BOAT_PUMP_qc_tblGeotraces_Seawater_IDP2021v2"
"1210","tblGeotraces_Seawater_IDP2021v2","Eu_D_CONC_BOAT_PUMP","Eu_D_CONC_BOAT_PUMP_tblGeotraces_Seawater_IDP2021v2"
"1211","tblGeotraces_Seawater_IDP2021v2","Eu_D_CONC_BOAT_PUMP_qc","Eu_D_CONC_BOAT_PUMP_qc_tblGeotraces_Seawater_IDP2021v2"
"1212","tblGeotraces_Seawater_IDP2021v2","Gd_D_CONC_BOAT_PUMP","Gd_D_CONC_BOAT_PUMP_tblGeotraces_Seawater_IDP2021v2"
"1213","tblGeotraces_Seawater_IDP2021v2","Gd_D_CONC_BOAT_PUMP_qc","Gd_D_CONC_BOAT_PUMP_qc_tblGeotraces_Seawater_IDP2021v2"
"1214","tblGeotraces_Seawater_IDP2021v2","Tb_D_CONC_BOAT_PUMP","Tb_D_CONC_BOAT_PUMP_tblGeotraces_Seawater_IDP2021v2"
"1215","tblGeotraces_Seawater_IDP2021v2","Tb_D_CONC_BOAT_PUMP_qc","Tb_D_CONC_BOAT_PUMP_qc_tblGeotraces_Seawater_IDP2021v2"
"1216","tblGeotraces_Seawater_IDP2021v2","Dy_D_CONC_BOAT_PUMP","Dy_D_CONC_BOAT_PUMP_tblGeotraces_Seawater_IDP2021v2"
"1217","tblGeotraces_Seawater_IDP2021v2","Dy_D_CONC_BOAT_PUMP_qc","Dy_D_CONC_BOAT_PUMP_qc_tblGeotraces_Seawater_IDP2021v2"
"1218","tblGeotraces_Seawater_IDP2021v2","Ho_D_CONC_BOAT_PUMP","Ho_D_CONC_BOAT_PUMP_tblGeotraces_Seawater_IDP2021v2"
"1219","tblGeotraces_Seawater_IDP2021v2","Ho_D_CONC_BOAT_PUMP_qc","Ho_D_CONC_BOAT_PUMP_qc_tblGeotraces_Seawater_IDP2021v2"
"1220","tblGeotraces_Seawater_IDP2021v2","Er_D_CONC_BOAT_PUMP","Er_D_CONC_BOAT_PUMP_tblGeotraces_Seawater_IDP2021v2"
"1221","tblGeotraces_Seawater_IDP2021v2","Er_D_CONC_BOAT_PUMP_qc","Er_D_CONC_BOAT_PUMP_qc_tblGeotraces_Seawater_IDP2021v2"
"1222","tblGeotraces_Seawater_IDP2021v2","Tm_D_CONC_BOAT_PUMP","Tm_D_CONC_BOAT_PUMP_tblGeotraces_Seawater_IDP2021v2"
"1223","tblGeotraces_Seawater_IDP2021v2","Tm_D_CONC_BOAT_PUMP_qc","Tm_D_CONC_BOAT_PUMP_qc_tblGeotraces_Seawater_IDP2021v2"
"1224","tblGeotraces_Seawater_IDP2021v2","Yb_D_CONC_BOAT_PUMP","Yb_D_CONC_BOAT_PUMP_tblGeotraces_Seawater_IDP2021v2"
"1225","tblGeotraces_Seawater_IDP2021v2","Yb_D_CONC_BOAT_PUMP_qc","Yb_D_CONC_BOAT_PUMP_qc_tblGeotraces_Seawater_IDP2021v2"
"1226","tblGeotraces_Seawater_IDP2021v2","Lu_D_CONC_BOAT_PUMP","Lu_D_CONC_BOAT_PUMP_tblGeotraces_Seawater_IDP2021v2"
"1227","tblGeotraces_Seawater_IDP2021v2","Lu_D_CONC_BOAT_PUMP_qc","Lu_D_CONC_BOAT_PUMP_qc_tblGeotraces_Seawater_IDP2021v2"
"1228","tblGeotraces_Seawater_IDP2021v2","Cu_Cu__D_CONC_BOTTLE","Cu_Cu__D_CONC_BOTTLE_tblGeotraces_Seawater_IDP2021v2"
"1229","tblGeotraces_Seawater_IDP2021v2","Cu_Cu__D_CONC_BOTTLE_qc","Cu_Cu__D_CONC_BOTTLE_qc_tblGeotraces_Seawater_IDP2021v2"
"1230","tblGeotraces_Seawater_IDP2021v2","L1Cu_D_CONC_BOTTLE","L1Cu_D_CONC_BOTTLE_tblGeotraces_Seawater_IDP2021v2"
"1231","tblGeotraces_Seawater_IDP2021v2","L1Cu_D_CONC_BOTTLE_qc","L1Cu_D_CONC_BOTTLE_qc_tblGeotraces_Seawater_IDP2021v2"
"1232","tblGeotraces_Seawater_IDP2021v2","L1Cu_D_LogK_BOTTLE","L1Cu_D_LogK_BOTTLE_tblGeotraces_Seawater_IDP2021v2"
"1233","tblGeotraces_Seawater_IDP2021v2","L1Cu_D_LogK_BOTTLE_qc","L1Cu_D_LogK_BOTTLE_qc_tblGeotraces_Seawater_IDP2021v2"
"1234","tblGeotraces_Seawater_IDP2021v2","LFe_D_CONC_BOTTLE","LFe_D_CONC_BOTTLE_tblGeotraces_Seawater_IDP2021v2"
"1235","tblGeotraces_Seawater_IDP2021v2","LFe_D_CONC_BOTTLE_qc","LFe_D_CONC_BOTTLE_qc_tblGeotraces_Seawater_IDP2021v2"
"1236","tblGeotraces_Seawater_IDP2021v2","LFe_D_LogK_BOTTLE","LFe_D_LogK_BOTTLE_tblGeotraces_Seawater_IDP2021v2"
"1237","tblGeotraces_Seawater_IDP2021v2","LFe_D_LogK_BOTTLE_qc","LFe_D_LogK_BOTTLE_qc_tblGeotraces_Seawater_IDP2021v2"
"1238","tblGeotraces_Seawater_IDP2021v2","L1Fe_D_CONC_BOTTLE","L1Fe_D_CONC_BOTTLE_tblGeotraces_Seawater_IDP2021v2"
"1239","tblGeotraces_Seawater_IDP2021v2","L1Fe_D_CONC_BOTTLE_qc","L1Fe_D_CONC_BOTTLE_qc_tblGeotraces_Seawater_IDP2021v2"
"1240","tblGeotraces_Seawater_IDP2021v2","L1Fe_D_LogK_BOTTLE","L1Fe_D_LogK_BOTTLE_tblGeotraces_Seawater_IDP2021v2"
"1241","tblGeotraces_Seawater_IDP2021v2","L1Fe_D_LogK_BOTTLE_qc","L1Fe_D_LogK_BOTTLE_qc_tblGeotraces_Seawater_IDP2021v2"
"1242","tblGeotraces_Seawater_IDP2021v2","L2Fe_D_CONC_BOTTLE","L2Fe_D_CONC_BOTTLE_tblGeotraces_Seawater_IDP2021v2"
"1243","tblGeotraces_Seawater_IDP2021v2","L2Fe_D_CONC_BOTTLE_qc","L2Fe_D_CONC_BOTTLE_qc_tblGeotraces_Seawater_IDP2021v2"
"1244","tblGeotraces_Seawater_IDP2021v2","L2Fe_D_LogK_BOTTLE","L2Fe_D_LogK_BOTTLE_tblGeotraces_Seawater_IDP2021v2"
"1245","tblGeotraces_Seawater_IDP2021v2","L2Fe_D_LogK_BOTTLE_qc","L2Fe_D_LogK_BOTTLE_qc_tblGeotraces_Seawater_IDP2021v2"
"1246","tblGeotraces_Seawater_IDP2021v2","Cu_Cu__D_CONC_FISH","Cu_Cu__D_CONC_FISH_tblGeotraces_Seawater_IDP2021v2"
"1247","tblGeotraces_Seawater_IDP2021v2","Cu_Cu__D_CONC_FISH_qc","Cu_Cu__D_CONC_FISH_qc_tblGeotraces_Seawater_IDP2021v2"
"1248","tblGeotraces_Seawater_IDP2021v2","L1Cu_D_CONC_FISH","L1Cu_D_CONC_FISH_tblGeotraces_Seawater_IDP2021v2"
"1249","tblGeotraces_Seawater_IDP2021v2","L1Cu_D_CONC_FISH_qc","L1Cu_D_CONC_FISH_qc_tblGeotraces_Seawater_IDP2021v2"
"1250","tblGeotraces_Seawater_IDP2021v2","L1Cu_D_LogK_FISH","L1Cu_D_LogK_FISH_tblGeotraces_Seawater_IDP2021v2"
"1251","tblGeotraces_Seawater_IDP2021v2","L1Cu_D_LogK_FISH_qc","L1Cu_D_LogK_FISH_qc_tblGeotraces_Seawater_IDP2021v2"
"1252","tblGeotraces_Seawater_IDP2021v2","L1Fe_D_CONC_FISH","L1Fe_D_CONC_FISH_tblGeotraces_Seawater_IDP2021v2"
"1253","tblGeotraces_Seawater_IDP2021v2","L1Fe_D_CONC_FISH_qc","L1Fe_D_CONC_FISH_qc_tblGeotraces_Seawater_IDP2021v2"
"1254","tblGeotraces_Seawater_IDP2021v2","L1Fe_D_LogK_FISH","L1Fe_D_LogK_FISH_tblGeotraces_Seawater_IDP2021v2"
"1255","tblGeotraces_Seawater_IDP2021v2","L1Fe_D_LogK_FISH_qc","L1Fe_D_LogK_FISH_qc_tblGeotraces_Seawater_IDP2021v2"
"1256","tblGeotraces_Seawater_IDP2021v2","L2Fe_D_CONC_FISH","L2Fe_D_CONC_FISH_tblGeotraces_Seawater_IDP2021v2"
"1257","tblGeotraces_Seawater_IDP2021v2","L2Fe_D_CONC_FISH_qc","L2Fe_D_CONC_FISH_qc_tblGeotraces_Seawater_IDP2021v2"
"1258","tblGeotraces_Seawater_IDP2021v2","L2Fe_D_LogK_FISH","L2Fe_D_LogK_FISH_tblGeotraces_Seawater_IDP2021v2"
"1259","tblGeotraces_Seawater_IDP2021v2","L2Fe_D_LogK_FISH_qc","L2Fe_D_LogK_FISH_qc_tblGeotraces_Seawater_IDP2021v2"
"1260","tblGeotraces_Seawater_IDP2021v2","Al_TP_CONC_BOTTLE","Al_TP_CONC_BOTTLE_tblGeotraces_Seawater_IDP2021v2"
"1261","tblGeotraces_Seawater_IDP2021v2","Al_TP_CONC_BOTTLE_qc","Al_TP_CONC_BOTTLE_qc_tblGeotraces_Seawater_IDP2021v2"
"1262","tblGeotraces_Seawater_IDP2021v2","Al_TPL_CONC_BOTTLE","Al_TPL_CONC_BOTTLE_tblGeotraces_Seawater_IDP2021v2"
"1263","tblGeotraces_Seawater_IDP2021v2","Al_TPL_CONC_BOTTLE_qc","Al_TPL_CONC_BOTTLE_qc_tblGeotraces_Seawater_IDP2021v2"
"1264","tblGeotraces_Seawater_IDP2021v2","Al_TPR_CONC_BOTTLE","Al_TPR_CONC_BOTTLE_tblGeotraces_Seawater_IDP2021v2"
"1265","tblGeotraces_Seawater_IDP2021v2","Al_TPR_CONC_BOTTLE_qc","Al_TPR_CONC_BOTTLE_qc_tblGeotraces_Seawater_IDP2021v2"
"1266","tblGeotraces_Seawater_IDP2021v2","Ba_TP_CONC_BOTTLE","Ba_TP_CONC_BOTTLE_tblGeotraces_Seawater_IDP2021v2"
"1267","tblGeotraces_Seawater_IDP2021v2","Ba_TP_CONC_BOTTLE_qc","Ba_TP_CONC_BOTTLE_qc_tblGeotraces_Seawater_IDP2021v2"
"1268","tblGeotraces_Seawater_IDP2021v2","Ba_TPL_CONC_BOTTLE","Ba_TPL_CONC_BOTTLE_tblGeotraces_Seawater_IDP2021v2"
"1269","tblGeotraces_Seawater_IDP2021v2","Ba_TPL_CONC_BOTTLE_qc","Ba_TPL_CONC_BOTTLE_qc_tblGeotraces_Seawater_IDP2021v2"
"1270","tblGeotraces_Seawater_IDP2021v2","Cd_TP_CONC_BOTTLE","Cd_TP_CONC_BOTTLE_tblGeotraces_Seawater_IDP2021v2"
"1271","tblGeotraces_Seawater_IDP2021v2","Cd_TP_CONC_BOTTLE_qc","Cd_TP_CONC_BOTTLE_qc_tblGeotraces_Seawater_IDP2021v2"
"1272","tblGeotraces_Seawater_IDP2021v2","Cd_TPL_CONC_BOTTLE","Cd_TPL_CONC_BOTTLE_tblGeotraces_Seawater_IDP2021v2"
"1273","tblGeotraces_Seawater_IDP2021v2","Cd_TPL_CONC_BOTTLE_qc","Cd_TPL_CONC_BOTTLE_qc_tblGeotraces_Seawater_IDP2021v2"
"1274","tblGeotraces_Seawater_IDP2021v2","Cd_TPR_CONC_BOTTLE","Cd_TPR_CONC_BOTTLE_tblGeotraces_Seawater_IDP2021v2"
"1275","tblGeotraces_Seawater_IDP2021v2","Cd_TPR_CONC_BOTTLE_qc","Cd_TPR_CONC_BOTTLE_qc_tblGeotraces_Seawater_IDP2021v2"
"1276","tblGeotraces_Seawater_IDP2021v2","Co_TP_CONC_BOTTLE","Co_TP_CONC_BOTTLE_tblGeotraces_Seawater_IDP2021v2"
"1277","tblGeotraces_Seawater_IDP2021v2","Co_TP_CONC_BOTTLE_qc","Co_TP_CONC_BOTTLE_qc_tblGeotraces_Seawater_IDP2021v2"
"1278","tblGeotraces_Seawater_IDP2021v2","Co_TPL_CONC_BOTTLE","Co_TPL_CONC_BOTTLE_tblGeotraces_Seawater_IDP2021v2"
"1279","tblGeotraces_Seawater_IDP2021v2","Co_TPL_CONC_BOTTLE_qc","Co_TPL_CONC_BOTTLE_qc_tblGeotraces_Seawater_IDP2021v2"
"1280","tblGeotraces_Seawater_IDP2021v2","Co_TPR_CONC_BOTTLE","Co_TPR_CONC_BOTTLE_tblGeotraces_Seawater_IDP2021v2"
"1281","tblGeotraces_Seawater_IDP2021v2","Co_TPR_CONC_BOTTLE_qc","Co_TPR_CONC_BOTTLE_qc_tblGeotraces_Seawater_IDP2021v2"
"1282","tblGeotraces_Seawater_IDP2021v2","Cr_TP_CONC_BOTTLE","Cr_TP_CONC_BOTTLE_tblGeotraces_Seawater_IDP2021v2"
"1283","tblGeotraces_Seawater_IDP2021v2","Cr_TP_CONC_BOTTLE_qc","Cr_TP_CONC_BOTTLE_qc_tblGeotraces_Seawater_IDP2021v2"
"1284","tblGeotraces_Seawater_IDP2021v2","Cu_TP_CONC_BOTTLE","Cu_TP_CONC_BOTTLE_tblGeotraces_Seawater_IDP2021v2"
"1285","tblGeotraces_Seawater_IDP2021v2","Cu_TP_CONC_BOTTLE_qc","Cu_TP_CONC_BOTTLE_qc_tblGeotraces_Seawater_IDP2021v2"
"1286","tblGeotraces_Seawater_IDP2021v2","Cu_TPL_CONC_BOTTLE","Cu_TPL_CONC_BOTTLE_tblGeotraces_Seawater_IDP2021v2"
"1287","tblGeotraces_Seawater_IDP2021v2","Cu_TPL_CONC_BOTTLE_qc","Cu_TPL_CONC_BOTTLE_qc_tblGeotraces_Seawater_IDP2021v2"
"1288","tblGeotraces_Seawater_IDP2021v2","Fe_TP_CONC_BOTTLE","Fe_TP_CONC_BOTTLE_tblGeotraces_Seawater_IDP2021v2"
"1289","tblGeotraces_Seawater_IDP2021v2","Fe_TP_CONC_BOTTLE_qc","Fe_TP_CONC_BOTTLE_qc_tblGeotraces_Seawater_IDP2021v2"
"1290","tblGeotraces_Seawater_IDP2021v2","Fe_TPL_CONC_BOTTLE","Fe_TPL_CONC_BOTTLE_tblGeotraces_Seawater_IDP2021v2"
"1291","tblGeotraces_Seawater_IDP2021v2","Fe_TPL_CONC_BOTTLE_qc","Fe_TPL_CONC_BOTTLE_qc_tblGeotraces_Seawater_IDP2021v2"
"1292","tblGeotraces_Seawater_IDP2021v2","Fe_TPR_CONC_BOTTLE","Fe_TPR_CONC_BOTTLE_tblGeotraces_Seawater_IDP2021v2"
"1293","tblGeotraces_Seawater_IDP2021v2","Fe_TPR_CONC_BOTTLE_qc","Fe_TPR_CONC_BOTTLE_qc_tblGeotraces_Seawater_IDP2021v2"
"1294","tblGeotraces_Seawater_IDP2021v2","Mn_TP_CONC_BOTTLE","Mn_TP_CONC_BOTTLE_tblGeotraces_Seawater_IDP2021v2"
"1295","tblGeotraces_Seawater_IDP2021v2","Mn_TP_CONC_BOTTLE_qc","Mn_TP_CONC_BOTTLE_qc_tblGeotraces_Seawater_IDP2021v2"
"1296","tblGeotraces_Seawater_IDP2021v2","Mn_TPL_CONC_BOTTLE","Mn_TPL_CONC_BOTTLE_tblGeotraces_Seawater_IDP2021v2"
"1297","tblGeotraces_Seawater_IDP2021v2","Mn_TPL_CONC_BOTTLE_qc","Mn_TPL_CONC_BOTTLE_qc_tblGeotraces_Seawater_IDP2021v2"
"1298","tblGeotraces_Seawater_IDP2021v2","Mn_TPR_CONC_BOTTLE","Mn_TPR_CONC_BOTTLE_tblGeotraces_Seawater_IDP2021v2"
"1299","tblGeotraces_Seawater_IDP2021v2","Mn_TPR_CONC_BOTTLE_qc","Mn_TPR_CONC_BOTTLE_qc_tblGeotraces_Seawater_IDP2021v2"
"1300","tblGeotraces_Seawater_IDP2021v2","Mo_TP_CONC_BOTTLE","Mo_TP_CONC_BOTTLE_tblGeotraces_Seawater_IDP2021v2"
"1301","tblGeotraces_Seawater_IDP2021v2","Mo_TP_CONC_BOTTLE_qc","Mo_TP_CONC_BOTTLE_qc_tblGeotraces_Seawater_IDP2021v2"
"1302","tblGeotraces_Seawater_IDP2021v2","Mo_TPL_CONC_BOTTLE","Mo_TPL_CONC_BOTTLE_tblGeotraces_Seawater_IDP2021v2"
"1303","tblGeotraces_Seawater_IDP2021v2","Mo_TPL_CONC_BOTTLE_qc","Mo_TPL_CONC_BOTTLE_qc_tblGeotraces_Seawater_IDP2021v2"
"1304","tblGeotraces_Seawater_IDP2021v2","Ni_TP_CONC_BOTTLE","Ni_TP_CONC_BOTTLE_tblGeotraces_Seawater_IDP2021v2"
"1305","tblGeotraces_Seawater_IDP2021v2","Ni_TP_CONC_BOTTLE_qc","Ni_TP_CONC_BOTTLE_qc_tblGeotraces_Seawater_IDP2021v2"
"1306","tblGeotraces_Seawater_IDP2021v2","Ni_TPL_CONC_BOTTLE","Ni_TPL_CONC_BOTTLE_tblGeotraces_Seawater_IDP2021v2"
"1307","tblGeotraces_Seawater_IDP2021v2","Ni_TPL_CONC_BOTTLE_qc","Ni_TPL_CONC_BOTTLE_qc_tblGeotraces_Seawater_IDP2021v2"
"1308","tblGeotraces_Seawater_IDP2021v2","P_TP_CONC_BOTTLE","P_TP_CONC_BOTTLE_tblGeotraces_Seawater_IDP2021v2"
"1309","tblGeotraces_Seawater_IDP2021v2","P_TP_CONC_BOTTLE_qc","P_TP_CONC_BOTTLE_qc_tblGeotraces_Seawater_IDP2021v2"
"1310","tblGeotraces_Seawater_IDP2021v2","P_TPL_CONC_BOTTLE","P_TPL_CONC_BOTTLE_tblGeotraces_Seawater_IDP2021v2"
"1311","tblGeotraces_Seawater_IDP2021v2","P_TPL_CONC_BOTTLE_qc","P_TPL_CONC_BOTTLE_qc_tblGeotraces_Seawater_IDP2021v2"
"1312","tblGeotraces_Seawater_IDP2021v2","P_TPR_CONC_BOTTLE","P_TPR_CONC_BOTTLE_tblGeotraces_Seawater_IDP2021v2"
"1313","tblGeotraces_Seawater_IDP2021v2","P_TPR_CONC_BOTTLE_qc","P_TPR_CONC_BOTTLE_qc_tblGeotraces_Seawater_IDP2021v2"
"1314","tblGeotraces_Seawater_IDP2021v2","Pb_TP_CONC_BOTTLE","Pb_TP_CONC_BOTTLE_tblGeotraces_Seawater_IDP2021v2"
"1315","tblGeotraces_Seawater_IDP2021v2","Pb_TP_CONC_BOTTLE_qc","Pb_TP_CONC_BOTTLE_qc_tblGeotraces_Seawater_IDP2021v2"
"1316","tblGeotraces_Seawater_IDP2021v2","Pb_TPL_CONC_BOTTLE","Pb_TPL_CONC_BOTTLE_tblGeotraces_Seawater_IDP2021v2"
"1317","tblGeotraces_Seawater_IDP2021v2","Pb_TPL_CONC_BOTTLE_qc","Pb_TPL_CONC_BOTTLE_qc_tblGeotraces_Seawater_IDP2021v2"
"1318","tblGeotraces_Seawater_IDP2021v2","Sc_TP_CONC_BOTTLE","Sc_TP_CONC_BOTTLE_tblGeotraces_Seawater_IDP2021v2"
"1319","tblGeotraces_Seawater_IDP2021v2","Sc_TP_CONC_BOTTLE_qc","Sc_TP_CONC_BOTTLE_qc_tblGeotraces_Seawater_IDP2021v2"
"1320","tblGeotraces_Seawater_IDP2021v2","Th_TP_CONC_BOTTLE","Th_TP_CONC_BOTTLE_tblGeotraces_Seawater_IDP2021v2"
"1321","tblGeotraces_Seawater_IDP2021v2","Th_TP_CONC_BOTTLE_qc","Th_TP_CONC_BOTTLE_qc_tblGeotraces_Seawater_IDP2021v2"
"1322","tblGeotraces_Seawater_IDP2021v2","Th_TPL_CONC_BOTTLE","Th_TPL_CONC_BOTTLE_tblGeotraces_Seawater_IDP2021v2"
"1323","tblGeotraces_Seawater_IDP2021v2","Th_TPL_CONC_BOTTLE_qc","Th_TPL_CONC_BOTTLE_qc_tblGeotraces_Seawater_IDP2021v2"
"1324","tblGeotraces_Seawater_IDP2021v2","Ti_TP_CONC_BOTTLE","Ti_TP_CONC_BOTTLE_tblGeotraces_Seawater_IDP2021v2"
"1325","tblGeotraces_Seawater_IDP2021v2","Ti_TP_CONC_BOTTLE_qc","Ti_TP_CONC_BOTTLE_qc_tblGeotraces_Seawater_IDP2021v2"
"1326","tblGeotraces_Seawater_IDP2021v2","Ti_TPL_CONC_BOTTLE","Ti_TPL_CONC_BOTTLE_tblGeotraces_Seawater_IDP2021v2"
"1327","tblGeotraces_Seawater_IDP2021v2","Ti_TPL_CONC_BOTTLE_qc","Ti_TPL_CONC_BOTTLE_qc_tblGeotraces_Seawater_IDP2021v2"
"1328","tblGeotraces_Seawater_IDP2021v2","Ti_TPR_CONC_BOTTLE","Ti_TPR_CONC_BOTTLE_tblGeotraces_Seawater_IDP2021v2"
"1329","tblGeotraces_Seawater_IDP2021v2","Ti_TPR_CONC_BOTTLE_qc","Ti_TPR_CONC_BOTTLE_qc_tblGeotraces_Seawater_IDP2021v2"
"1330","tblGeotraces_Seawater_IDP2021v2","V_TP_CONC_BOTTLE","V_TP_CONC_BOTTLE_tblGeotraces_Seawater_IDP2021v2"
"1331","tblGeotraces_Seawater_IDP2021v2","V_TP_CONC_BOTTLE_qc","V_TP_CONC_BOTTLE_qc_tblGeotraces_Seawater_IDP2021v2"
"1332","tblGeotraces_Seawater_IDP2021v2","V_TPL_CONC_BOTTLE","V_TPL_CONC_BOTTLE_tblGeotraces_Seawater_IDP2021v2"
"1333","tblGeotraces_Seawater_IDP2021v2","V_TPL_CONC_BOTTLE_qc","V_TPL_CONC_BOTTLE_qc_tblGeotraces_Seawater_IDP2021v2"
"1334","tblGeotraces_Seawater_IDP2021v2","Zn_TP_CONC_BOTTLE","Zn_TP_CONC_BOTTLE_tblGeotraces_Seawater_IDP2021v2"
"1335","tblGeotraces_Seawater_IDP2021v2","Zn_TP_CONC_BOTTLE_qc","Zn_TP_CONC_BOTTLE_qc_tblGeotraces_Seawater_IDP2021v2"
"1336","tblGeotraces_Seawater_IDP2021v2","Zn_TPL_CONC_BOTTLE","Zn_TPL_CONC_BOTTLE_tblGeotraces_Seawater_IDP2021v2"
"1337","tblGeotraces_Seawater_IDP2021v2","Zn_TPL_CONC_BOTTLE_qc","Zn_TPL_CONC_BOTTLE_qc_tblGeotraces_Seawater_IDP2021v2"
"1338","tblGeotraces_Seawater_IDP2021v2","Ag_LPT_CONC_PUMP","Ag_LPT_CONC_PUMP_tblGeotraces_Seawater_IDP2021v2"
"1339","tblGeotraces_Seawater_IDP2021v2","Ag_LPT_CONC_PUMP_qc","Ag_LPT_CONC_PUMP_qc_tblGeotraces_Seawater_IDP2021v2"
"1340","tblGeotraces_Seawater_IDP2021v2","Ag_SPT_CONC_PUMP","Ag_SPT_CONC_PUMP_tblGeotraces_Seawater_IDP2021v2"
"1341","tblGeotraces_Seawater_IDP2021v2","Ag_SPT_CONC_PUMP_qc","Ag_SPT_CONC_PUMP_qc_tblGeotraces_Seawater_IDP2021v2"
"1342","tblGeotraces_Seawater_IDP2021v2","Al_TP_CONC_PUMP","Al_TP_CONC_PUMP_tblGeotraces_Seawater_IDP2021v2"
"1343","tblGeotraces_Seawater_IDP2021v2","Al_TP_CONC_PUMP_qc","Al_TP_CONC_PUMP_qc_tblGeotraces_Seawater_IDP2021v2"
"1344","tblGeotraces_Seawater_IDP2021v2","Al_LPT_CONC_PUMP","Al_LPT_CONC_PUMP_tblGeotraces_Seawater_IDP2021v2"
"1345","tblGeotraces_Seawater_IDP2021v2","Al_LPT_CONC_PUMP_qc","Al_LPT_CONC_PUMP_qc_tblGeotraces_Seawater_IDP2021v2"
"1346","tblGeotraces_Seawater_IDP2021v2","Al_SPT_CONC_PUMP","Al_SPT_CONC_PUMP_tblGeotraces_Seawater_IDP2021v2"
"1347","tblGeotraces_Seawater_IDP2021v2","Al_SPT_CONC_PUMP_qc","Al_SPT_CONC_PUMP_qc_tblGeotraces_Seawater_IDP2021v2"
"1348","tblGeotraces_Seawater_IDP2021v2","Al_SPL_CONC_PUMP","Al_SPL_CONC_PUMP_tblGeotraces_Seawater_IDP2021v2"
"1349","tblGeotraces_Seawater_IDP2021v2","Al_SPL_CONC_PUMP_qc","Al_SPL_CONC_PUMP_qc_tblGeotraces_Seawater_IDP2021v2"
"1350","tblGeotraces_Seawater_IDP2021v2","Ba_LPT_CONC_PUMP","Ba_LPT_CONC_PUMP_tblGeotraces_Seawater_IDP2021v2"
"1351","tblGeotraces_Seawater_IDP2021v2","Ba_LPT_CONC_PUMP_qc","Ba_LPT_CONC_PUMP_qc_tblGeotraces_Seawater_IDP2021v2"
"1352","tblGeotraces_Seawater_IDP2021v2","Ba_SPT_CONC_PUMP","Ba_SPT_CONC_PUMP_tblGeotraces_Seawater_IDP2021v2"
"1353","tblGeotraces_Seawater_IDP2021v2","Ba_SPT_CONC_PUMP_qc","Ba_SPT_CONC_PUMP_qc_tblGeotraces_Seawater_IDP2021v2"
"1354","tblGeotraces_Seawater_IDP2021v2","Ba_SPL_CONC_PUMP","Ba_SPL_CONC_PUMP_tblGeotraces_Seawater_IDP2021v2"
"1355","tblGeotraces_Seawater_IDP2021v2","Ba_SPL_CONC_PUMP_qc","Ba_SPL_CONC_PUMP_qc_tblGeotraces_Seawater_IDP2021v2"
"1356","tblGeotraces_Seawater_IDP2021v2","Cd_TP_CONC_PUMP","Cd_TP_CONC_PUMP_tblGeotraces_Seawater_IDP2021v2"
"1357","tblGeotraces_Seawater_IDP2021v2","Cd_TP_CONC_PUMP_qc","Cd_TP_CONC_PUMP_qc_tblGeotraces_Seawater_IDP2021v2"
"1358","tblGeotraces_Seawater_IDP2021v2","Cd_LPT_CONC_PUMP","Cd_LPT_CONC_PUMP_tblGeotraces_Seawater_IDP2021v2"
"1359","tblGeotraces_Seawater_IDP2021v2","Cd_LPT_CONC_PUMP_qc","Cd_LPT_CONC_PUMP_qc_tblGeotraces_Seawater_IDP2021v2"
"1360","tblGeotraces_Seawater_IDP2021v2","Cd_SPT_CONC_PUMP","Cd_SPT_CONC_PUMP_tblGeotraces_Seawater_IDP2021v2"
"1361","tblGeotraces_Seawater_IDP2021v2","Cd_SPT_CONC_PUMP_qc","Cd_SPT_CONC_PUMP_qc_tblGeotraces_Seawater_IDP2021v2"
"1362","tblGeotraces_Seawater_IDP2021v2","Co_LPT_CONC_PUMP","Co_LPT_CONC_PUMP_tblGeotraces_Seawater_IDP2021v2"
"1363","tblGeotraces_Seawater_IDP2021v2","Co_LPT_CONC_PUMP_qc","Co_LPT_CONC_PUMP_qc_tblGeotraces_Seawater_IDP2021v2"
"1364","tblGeotraces_Seawater_IDP2021v2","Co_SPT_CONC_PUMP","Co_SPT_CONC_PUMP_tblGeotraces_Seawater_IDP2021v2"
"1365","tblGeotraces_Seawater_IDP2021v2","Co_SPT_CONC_PUMP_qc","Co_SPT_CONC_PUMP_qc_tblGeotraces_Seawater_IDP2021v2"
"1366","tblGeotraces_Seawater_IDP2021v2","Cu_LPT_CONC_PUMP","Cu_LPT_CONC_PUMP_tblGeotraces_Seawater_IDP2021v2"
"1367","tblGeotraces_Seawater_IDP2021v2","Cu_LPT_CONC_PUMP_qc","Cu_LPT_CONC_PUMP_qc_tblGeotraces_Seawater_IDP2021v2"
"1368","tblGeotraces_Seawater_IDP2021v2","Cu_SPT_CONC_PUMP","Cu_SPT_CONC_PUMP_tblGeotraces_Seawater_IDP2021v2"
"1369","tblGeotraces_Seawater_IDP2021v2","Cu_SPT_CONC_PUMP_qc","Cu_SPT_CONC_PUMP_qc_tblGeotraces_Seawater_IDP2021v2"
"1370","tblGeotraces_Seawater_IDP2021v2","Cu_SPL_CONC_PUMP","Cu_SPL_CONC_PUMP_tblGeotraces_Seawater_IDP2021v2"
"1371","tblGeotraces_Seawater_IDP2021v2","Cu_SPL_CONC_PUMP_qc","Cu_SPL_CONC_PUMP_qc_tblGeotraces_Seawater_IDP2021v2"
"1372","tblGeotraces_Seawater_IDP2021v2","Fe_TP_CONC_PUMP","Fe_TP_CONC_PUMP_tblGeotraces_Seawater_IDP2021v2"
"1373","tblGeotraces_Seawater_IDP2021v2","Fe_TP_CONC_PUMP_qc","Fe_TP_CONC_PUMP_qc_tblGeotraces_Seawater_IDP2021v2"
"1374","tblGeotraces_Seawater_IDP2021v2","Fe_LPT_CONC_PUMP","Fe_LPT_CONC_PUMP_tblGeotraces_Seawater_IDP2021v2"
"1375","tblGeotraces_Seawater_IDP2021v2","Fe_LPT_CONC_PUMP_qc","Fe_LPT_CONC_PUMP_qc_tblGeotraces_Seawater_IDP2021v2"
"1376","tblGeotraces_Seawater_IDP2021v2","Fe_SPT_CONC_PUMP","Fe_SPT_CONC_PUMP_tblGeotraces_Seawater_IDP2021v2"
"1377","tblGeotraces_Seawater_IDP2021v2","Fe_SPT_CONC_PUMP_qc","Fe_SPT_CONC_PUMP_qc_tblGeotraces_Seawater_IDP2021v2"
"1378","tblGeotraces_Seawater_IDP2021v2","Fe_SPL_CONC_PUMP","Fe_SPL_CONC_PUMP_tblGeotraces_Seawater_IDP2021v2"
"1379","tblGeotraces_Seawater_IDP2021v2","Fe_SPL_CONC_PUMP_qc","Fe_SPL_CONC_PUMP_qc_tblGeotraces_Seawater_IDP2021v2"
"1380","tblGeotraces_Seawater_IDP2021v2","Ga_TP_CONC_PUMP","Ga_TP_CONC_PUMP_tblGeotraces_Seawater_IDP2021v2"
"1381","tblGeotraces_Seawater_IDP2021v2","Ga_TP_CONC_PUMP_qc","Ga_TP_CONC_PUMP_qc_tblGeotraces_Seawater_IDP2021v2"
"1382","tblGeotraces_Seawater_IDP2021v2","Hg_SPT_CONC_PUMP","Hg_SPT_CONC_PUMP_tblGeotraces_Seawater_IDP2021v2"
"1383","tblGeotraces_Seawater_IDP2021v2","Hg_SPT_CONC_PUMP_qc","Hg_SPT_CONC_PUMP_qc_tblGeotraces_Seawater_IDP2021v2"
"1384","tblGeotraces_Seawater_IDP2021v2","Hg_MM_SPT_CONC_PUMP","Hg_MM_SPT_CONC_PUMP_tblGeotraces_Seawater_IDP2021v2"
"1385","tblGeotraces_Seawater_IDP2021v2","Hg_MM_SPT_CONC_PUMP_qc","Hg_MM_SPT_CONC_PUMP_qc_tblGeotraces_Seawater_IDP2021v2"
"1386","tblGeotraces_Seawater_IDP2021v2","Mn_TP_CONC_PUMP","Mn_TP_CONC_PUMP_tblGeotraces_Seawater_IDP2021v2"
"1387","tblGeotraces_Seawater_IDP2021v2","Mn_TP_CONC_PUMP_qc","Mn_TP_CONC_PUMP_qc_tblGeotraces_Seawater_IDP2021v2"
"1388","tblGeotraces_Seawater_IDP2021v2","Mn_LPT_CONC_PUMP","Mn_LPT_CONC_PUMP_tblGeotraces_Seawater_IDP2021v2"
"1389","tblGeotraces_Seawater_IDP2021v2","Mn_LPT_CONC_PUMP_qc","Mn_LPT_CONC_PUMP_qc_tblGeotraces_Seawater_IDP2021v2"
"1390","tblGeotraces_Seawater_IDP2021v2","Mn_SPT_CONC_PUMP","Mn_SPT_CONC_PUMP_tblGeotraces_Seawater_IDP2021v2"
"1391","tblGeotraces_Seawater_IDP2021v2","Mn_SPT_CONC_PUMP_qc","Mn_SPT_CONC_PUMP_qc_tblGeotraces_Seawater_IDP2021v2"
"1392","tblGeotraces_Seawater_IDP2021v2","Mn_SPL_CONC_PUMP","Mn_SPL_CONC_PUMP_tblGeotraces_Seawater_IDP2021v2"
"1393","tblGeotraces_Seawater_IDP2021v2","Mn_SPL_CONC_PUMP_qc","Mn_SPL_CONC_PUMP_qc_tblGeotraces_Seawater_IDP2021v2"
"1394","tblGeotraces_Seawater_IDP2021v2","Mo_TP_CONC_PUMP","Mo_TP_CONC_PUMP_tblGeotraces_Seawater_IDP2021v2"
"1395","tblGeotraces_Seawater_IDP2021v2","Mo_TP_CONC_PUMP_qc","Mo_TP_CONC_PUMP_qc_tblGeotraces_Seawater_IDP2021v2"
"1396","tblGeotraces_Seawater_IDP2021v2","Mo_LPT_CONC_PUMP","Mo_LPT_CONC_PUMP_tblGeotraces_Seawater_IDP2021v2"
"1397","tblGeotraces_Seawater_IDP2021v2","Mo_LPT_CONC_PUMP_qc","Mo_LPT_CONC_PUMP_qc_tblGeotraces_Seawater_IDP2021v2"
"1398","tblGeotraces_Seawater_IDP2021v2","Mo_SPT_CONC_PUMP","Mo_SPT_CONC_PUMP_tblGeotraces_Seawater_IDP2021v2"
"1399","tblGeotraces_Seawater_IDP2021v2","Mo_SPT_CONC_PUMP_qc","Mo_SPT_CONC_PUMP_qc_tblGeotraces_Seawater_IDP2021v2"
"1400","tblGeotraces_Seawater_IDP2021v2","Ni_TP_CONC_PUMP","Ni_TP_CONC_PUMP_tblGeotraces_Seawater_IDP2021v2"
"1401","tblGeotraces_Seawater_IDP2021v2","Ni_TP_CONC_PUMP_qc","Ni_TP_CONC_PUMP_qc_tblGeotraces_Seawater_IDP2021v2"
"1402","tblGeotraces_Seawater_IDP2021v2","Ni_LPT_CONC_PUMP","Ni_LPT_CONC_PUMP_tblGeotraces_Seawater_IDP2021v2"
"1403","tblGeotraces_Seawater_IDP2021v2","Ni_LPT_CONC_PUMP_qc","Ni_LPT_CONC_PUMP_qc_tblGeotraces_Seawater_IDP2021v2"
"1404","tblGeotraces_Seawater_IDP2021v2","Ni_SPT_CONC_PUMP","Ni_SPT_CONC_PUMP_tblGeotraces_Seawater_IDP2021v2"
"1405","tblGeotraces_Seawater_IDP2021v2","Ni_SPT_CONC_PUMP_qc","Ni_SPT_CONC_PUMP_qc_tblGeotraces_Seawater_IDP2021v2"
"1406","tblGeotraces_Seawater_IDP2021v2","Ni_SPL_CONC_PUMP","Ni_SPL_CONC_PUMP_tblGeotraces_Seawater_IDP2021v2"
"1407","tblGeotraces_Seawater_IDP2021v2","Ni_SPL_CONC_PUMP_qc","Ni_SPL_CONC_PUMP_qc_tblGeotraces_Seawater_IDP2021v2"
"1408","tblGeotraces_Seawater_IDP2021v2","P_TP_CONC_PUMP","P_TP_CONC_PUMP_tblGeotraces_Seawater_IDP2021v2"
"1409","tblGeotraces_Seawater_IDP2021v2","P_TP_CONC_PUMP_qc","P_TP_CONC_PUMP_qc_tblGeotraces_Seawater_IDP2021v2"
"1410","tblGeotraces_Seawater_IDP2021v2","P_LPT_CONC_PUMP","P_LPT_CONC_PUMP_tblGeotraces_Seawater_IDP2021v2"
"1411","tblGeotraces_Seawater_IDP2021v2","P_LPT_CONC_PUMP_qc","P_LPT_CONC_PUMP_qc_tblGeotraces_Seawater_IDP2021v2"
"1412","tblGeotraces_Seawater_IDP2021v2","P_SPT_CONC_PUMP","P_SPT_CONC_PUMP_tblGeotraces_Seawater_IDP2021v2"
"1413","tblGeotraces_Seawater_IDP2021v2","P_SPT_CONC_PUMP_qc","P_SPT_CONC_PUMP_qc_tblGeotraces_Seawater_IDP2021v2"
"1414","tblGeotraces_Seawater_IDP2021v2","P_SPL_CONC_PUMP","P_SPL_CONC_PUMP_tblGeotraces_Seawater_IDP2021v2"
"1415","tblGeotraces_Seawater_IDP2021v2","P_SPL_CONC_PUMP_qc","P_SPL_CONC_PUMP_qc_tblGeotraces_Seawater_IDP2021v2"
"1416","tblGeotraces_Seawater_IDP2021v2","Pb_TP_CONC_PUMP","Pb_TP_CONC_PUMP_tblGeotraces_Seawater_IDP2021v2"
"1417","tblGeotraces_Seawater_IDP2021v2","Pb_TP_CONC_PUMP_qc","Pb_TP_CONC_PUMP_qc_tblGeotraces_Seawater_IDP2021v2"
"1418","tblGeotraces_Seawater_IDP2021v2","Pb_LPT_CONC_PUMP","Pb_LPT_CONC_PUMP_tblGeotraces_Seawater_IDP2021v2"
"1419","tblGeotraces_Seawater_IDP2021v2","Pb_LPT_CONC_PUMP_qc","Pb_LPT_CONC_PUMP_qc_tblGeotraces_Seawater_IDP2021v2"
"1420","tblGeotraces_Seawater_IDP2021v2","Pb_SPT_CONC_PUMP","Pb_SPT_CONC_PUMP_tblGeotraces_Seawater_IDP2021v2"
"1421","tblGeotraces_Seawater_IDP2021v2","Pb_SPT_CONC_PUMP_qc","Pb_SPT_CONC_PUMP_qc_tblGeotraces_Seawater_IDP2021v2"
"1422","tblGeotraces_Seawater_IDP2021v2","Th_TP_CONC_PUMP","Th_TP_CONC_PUMP_tblGeotraces_Seawater_IDP2021v2"
"1423","tblGeotraces_Seawater_IDP2021v2","Th_TP_CONC_PUMP_qc","Th_TP_CONC_PUMP_qc_tblGeotraces_Seawater_IDP2021v2"
"1424","tblGeotraces_Seawater_IDP2021v2","Th_LPT_CONC_PUMP","Th_LPT_CONC_PUMP_tblGeotraces_Seawater_IDP2021v2"
"1425","tblGeotraces_Seawater_IDP2021v2","Th_LPT_CONC_PUMP_qc","Th_LPT_CONC_PUMP_qc_tblGeotraces_Seawater_IDP2021v2"
"1426","tblGeotraces_Seawater_IDP2021v2","Th_SPT_CONC_PUMP","Th_SPT_CONC_PUMP_tblGeotraces_Seawater_IDP2021v2"
"1427","tblGeotraces_Seawater_IDP2021v2","Th_SPT_CONC_PUMP_qc","Th_SPT_CONC_PUMP_qc_tblGeotraces_Seawater_IDP2021v2"
"1428","tblGeotraces_Seawater_IDP2021v2","Ti_LPT_CONC_PUMP","Ti_LPT_CONC_PUMP_tblGeotraces_Seawater_IDP2021v2"
"1429","tblGeotraces_Seawater_IDP2021v2","Ti_LPT_CONC_PUMP_qc","Ti_LPT_CONC_PUMP_qc_tblGeotraces_Seawater_IDP2021v2"
"1430","tblGeotraces_Seawater_IDP2021v2","Ti_SPT_CONC_PUMP","Ti_SPT_CONC_PUMP_tblGeotraces_Seawater_IDP2021v2"
"1431","tblGeotraces_Seawater_IDP2021v2","Ti_SPT_CONC_PUMP_qc","Ti_SPT_CONC_PUMP_qc_tblGeotraces_Seawater_IDP2021v2"
"1432","tblGeotraces_Seawater_IDP2021v2","U_TP_CONC_PUMP","U_TP_CONC_PUMP_tblGeotraces_Seawater_IDP2021v2"
"1433","tblGeotraces_Seawater_IDP2021v2","U_TP_CONC_PUMP_qc","U_TP_CONC_PUMP_qc_tblGeotraces_Seawater_IDP2021v2"
"1434","tblGeotraces_Seawater_IDP2021v2","V_TP_CONC_PUMP","V_TP_CONC_PUMP_tblGeotraces_Seawater_IDP2021v2"
"1435","tblGeotraces_Seawater_IDP2021v2","V_TP_CONC_PUMP_qc","V_TP_CONC_PUMP_qc_tblGeotraces_Seawater_IDP2021v2"
"1436","tblGeotraces_Seawater_IDP2021v2","V_LPT_CONC_PUMP","V_LPT_CONC_PUMP_tblGeotraces_Seawater_IDP2021v2"
"1437","tblGeotraces_Seawater_IDP2021v2","V_LPT_CONC_PUMP_qc","V_LPT_CONC_PUMP_qc_tblGeotraces_Seawater_IDP2021v2"
"1438","tblGeotraces_Seawater_IDP2021v2","V_SPT_CONC_PUMP","V_SPT_CONC_PUMP_tblGeotraces_Seawater_IDP2021v2"
"1439","tblGeotraces_Seawater_IDP2021v2","V_SPT_CONC_PUMP_qc","V_SPT_CONC_PUMP_qc_tblGeotraces_Seawater_IDP2021v2"
"1440","tblGeotraces_Seawater_IDP2021v2","V_SPL_CONC_PUMP","V_SPL_CONC_PUMP_tblGeotraces_Seawater_IDP2021v2"
"1441","tblGeotraces_Seawater_IDP2021v2","V_SPL_CONC_PUMP_qc","V_SPL_CONC_PUMP_qc_tblGeotraces_Seawater_IDP2021v2"
"1442","tblGeotraces_Seawater_IDP2021v2","Zn_TP_CONC_PUMP","Zn_TP_CONC_PUMP_tblGeotraces_Seawater_IDP2021v2"
"1443","tblGeotraces_Seawater_IDP2021v2","Zn_TP_CONC_PUMP_qc","Zn_TP_CONC_PUMP_qc_tblGeotraces_Seawater_IDP2021v2"
"1444","tblGeotraces_Seawater_IDP2021v2","Al_TP_CONC_FISH","Al_TP_CONC_FISH_tblGeotraces_Seawater_IDP2021v2"
"1445","tblGeotraces_Seawater_IDP2021v2","Al_TP_CONC_FISH_qc","Al_TP_CONC_FISH_qc_tblGeotraces_Seawater_IDP2021v2"
"1446","tblGeotraces_Seawater_IDP2021v2","Al_TPL_CONC_FISH","Al_TPL_CONC_FISH_tblGeotraces_Seawater_IDP2021v2"
"1447","tblGeotraces_Seawater_IDP2021v2","Al_TPL_CONC_FISH_qc","Al_TPL_CONC_FISH_qc_tblGeotraces_Seawater_IDP2021v2"
"1448","tblGeotraces_Seawater_IDP2021v2","Ba_TP_CONC_FISH","Ba_TP_CONC_FISH_tblGeotraces_Seawater_IDP2021v2"
"1449","tblGeotraces_Seawater_IDP2021v2","Ba_TP_CONC_FISH_qc","Ba_TP_CONC_FISH_qc_tblGeotraces_Seawater_IDP2021v2"
"1450","tblGeotraces_Seawater_IDP2021v2","Ba_TPL_CONC_FISH","Ba_TPL_CONC_FISH_tblGeotraces_Seawater_IDP2021v2"
"1451","tblGeotraces_Seawater_IDP2021v2","Ba_TPL_CONC_FISH_qc","Ba_TPL_CONC_FISH_qc_tblGeotraces_Seawater_IDP2021v2"
"1452","tblGeotraces_Seawater_IDP2021v2","Cd_TP_CONC_FISH","Cd_TP_CONC_FISH_tblGeotraces_Seawater_IDP2021v2"
"1453","tblGeotraces_Seawater_IDP2021v2","Cd_TP_CONC_FISH_qc","Cd_TP_CONC_FISH_qc_tblGeotraces_Seawater_IDP2021v2"
"1454","tblGeotraces_Seawater_IDP2021v2","Cd_TPL_CONC_FISH","Cd_TPL_CONC_FISH_tblGeotraces_Seawater_IDP2021v2"
"1455","tblGeotraces_Seawater_IDP2021v2","Cd_TPL_CONC_FISH_qc","Cd_TPL_CONC_FISH_qc_tblGeotraces_Seawater_IDP2021v2"
"1456","tblGeotraces_Seawater_IDP2021v2","Co_TP_CONC_FISH","Co_TP_CONC_FISH_tblGeotraces_Seawater_IDP2021v2"
"1457","tblGeotraces_Seawater_IDP2021v2","Co_TP_CONC_FISH_qc","Co_TP_CONC_FISH_qc_tblGeotraces_Seawater_IDP2021v2"
"1458","tblGeotraces_Seawater_IDP2021v2","Co_TPL_CONC_FISH","Co_TPL_CONC_FISH_tblGeotraces_Seawater_IDP2021v2"
"1459","tblGeotraces_Seawater_IDP2021v2","Co_TPL_CONC_FISH_qc","Co_TPL_CONC_FISH_qc_tblGeotraces_Seawater_IDP2021v2"
"1460","tblGeotraces_Seawater_IDP2021v2","Cu_TP_CONC_FISH","Cu_TP_CONC_FISH_tblGeotraces_Seawater_IDP2021v2"
"1461","tblGeotraces_Seawater_IDP2021v2","Cu_TP_CONC_FISH_qc","Cu_TP_CONC_FISH_qc_tblGeotraces_Seawater_IDP2021v2"
"1462","tblGeotraces_Seawater_IDP2021v2","Cu_TPL_CONC_FISH","Cu_TPL_CONC_FISH_tblGeotraces_Seawater_IDP2021v2"
"1463","tblGeotraces_Seawater_IDP2021v2","Cu_TPL_CONC_FISH_qc","Cu_TPL_CONC_FISH_qc_tblGeotraces_Seawater_IDP2021v2"
"1464","tblGeotraces_Seawater_IDP2021v2","Fe_TP_CONC_FISH","Fe_TP_CONC_FISH_tblGeotraces_Seawater_IDP2021v2"
"1465","tblGeotraces_Seawater_IDP2021v2","Fe_TP_CONC_FISH_qc","Fe_TP_CONC_FISH_qc_tblGeotraces_Seawater_IDP2021v2"
"1466","tblGeotraces_Seawater_IDP2021v2","Fe_TPL_CONC_FISH","Fe_TPL_CONC_FISH_tblGeotraces_Seawater_IDP2021v2"
"1467","tblGeotraces_Seawater_IDP2021v2","Fe_TPL_CONC_FISH_qc","Fe_TPL_CONC_FISH_qc_tblGeotraces_Seawater_IDP2021v2"
"1468","tblGeotraces_Seawater_IDP2021v2","Mn_TP_CONC_FISH","Mn_TP_CONC_FISH_tblGeotraces_Seawater_IDP2021v2"
"1469","tblGeotraces_Seawater_IDP2021v2","Mn_TP_CONC_FISH_qc","Mn_TP_CONC_FISH_qc_tblGeotraces_Seawater_IDP2021v2"
"1470","tblGeotraces_Seawater_IDP2021v2","Mn_TPL_CONC_FISH","Mn_TPL_CONC_FISH_tblGeotraces_Seawater_IDP2021v2"
"1471","tblGeotraces_Seawater_IDP2021v2","Mn_TPL_CONC_FISH_qc","Mn_TPL_CONC_FISH_qc_tblGeotraces_Seawater_IDP2021v2"
"1472","tblGeotraces_Seawater_IDP2021v2","Ni_TP_CONC_FISH","Ni_TP_CONC_FISH_tblGeotraces_Seawater_IDP2021v2"
"1473","tblGeotraces_Seawater_IDP2021v2","Ni_TP_CONC_FISH_qc","Ni_TP_CONC_FISH_qc_tblGeotraces_Seawater_IDP2021v2"
"1474","tblGeotraces_Seawater_IDP2021v2","Ni_TPL_CONC_FISH","Ni_TPL_CONC_FISH_tblGeotraces_Seawater_IDP2021v2"
"1475","tblGeotraces_Seawater_IDP2021v2","Ni_TPL_CONC_FISH_qc","Ni_TPL_CONC_FISH_qc_tblGeotraces_Seawater_IDP2021v2"
"1476","tblGeotraces_Seawater_IDP2021v2","P_TP_CONC_FISH","P_TP_CONC_FISH_tblGeotraces_Seawater_IDP2021v2"
"1477","tblGeotraces_Seawater_IDP2021v2","P_TP_CONC_FISH_qc","P_TP_CONC_FISH_qc_tblGeotraces_Seawater_IDP2021v2"
"1478","tblGeotraces_Seawater_IDP2021v2","P_TPL_CONC_FISH","P_TPL_CONC_FISH_tblGeotraces_Seawater_IDP2021v2"
"1479","tblGeotraces_Seawater_IDP2021v2","P_TPL_CONC_FISH_qc","P_TPL_CONC_FISH_qc_tblGeotraces_Seawater_IDP2021v2"
"1480","tblGeotraces_Seawater_IDP2021v2","Pb_TP_CONC_FISH","Pb_TP_CONC_FISH_tblGeotraces_Seawater_IDP2021v2"
"1481","tblGeotraces_Seawater_IDP2021v2","Pb_TP_CONC_FISH_qc","Pb_TP_CONC_FISH_qc_tblGeotraces_Seawater_IDP2021v2"
"1482","tblGeotraces_Seawater_IDP2021v2","Pb_TPL_CONC_FISH","Pb_TPL_CONC_FISH_tblGeotraces_Seawater_IDP2021v2"
"1483","tblGeotraces_Seawater_IDP2021v2","Pb_TPL_CONC_FISH_qc","Pb_TPL_CONC_FISH_qc_tblGeotraces_Seawater_IDP2021v2"
"1484","tblGeotraces_Seawater_IDP2021v2","Th_TP_CONC_FISH","Th_TP_CONC_FISH_tblGeotraces_Seawater_IDP2021v2"
"1485","tblGeotraces_Seawater_IDP2021v2","Th_TP_CONC_FISH_qc","Th_TP_CONC_FISH_qc_tblGeotraces_Seawater_IDP2021v2"
"1486","tblGeotraces_Seawater_IDP2021v2","Th_TPL_CONC_FISH","Th_TPL_CONC_FISH_tblGeotraces_Seawater_IDP2021v2"
"1487","tblGeotraces_Seawater_IDP2021v2","Th_TPL_CONC_FISH_qc","Th_TPL_CONC_FISH_qc_tblGeotraces_Seawater_IDP2021v2"
"1488","tblGeotraces_Seawater_IDP2021v2","Ti_TP_CONC_FISH","Ti_TP_CONC_FISH_tblGeotraces_Seawater_IDP2021v2"
"1489","tblGeotraces_Seawater_IDP2021v2","Ti_TP_CONC_FISH_qc","Ti_TP_CONC_FISH_qc_tblGeotraces_Seawater_IDP2021v2"
"1490","tblGeotraces_Seawater_IDP2021v2","Ti_TPL_CONC_FISH","Ti_TPL_CONC_FISH_tblGeotraces_Seawater_IDP2021v2"
"1491","tblGeotraces_Seawater_IDP2021v2","Ti_TPL_CONC_FISH_qc","Ti_TPL_CONC_FISH_qc_tblGeotraces_Seawater_IDP2021v2"
"1492","tblGeotraces_Seawater_IDP2021v2","V_TP_CONC_FISH","V_TP_CONC_FISH_tblGeotraces_Seawater_IDP2021v2"
"1493","tblGeotraces_Seawater_IDP2021v2","V_TP_CONC_FISH_qc","V_TP_CONC_FISH_qc_tblGeotraces_Seawater_IDP2021v2"
"1494","tblGeotraces_Seawater_IDP2021v2","V_TPL_CONC_FISH","V_TPL_CONC_FISH_tblGeotraces_Seawater_IDP2021v2"
"1495","tblGeotraces_Seawater_IDP2021v2","V_TPL_CONC_FISH_qc","V_TPL_CONC_FISH_qc_tblGeotraces_Seawater_IDP2021v2"
"1496","tblGeotraces_Seawater_IDP2021v2","Zn_TP_CONC_FISH","Zn_TP_CONC_FISH_tblGeotraces_Seawater_IDP2021v2"
"1497","tblGeotraces_Seawater_IDP2021v2","Zn_TP_CONC_FISH_qc","Zn_TP_CONC_FISH_qc_tblGeotraces_Seawater_IDP2021v2"
"1498","tblGeotraces_Seawater_IDP2021v2","Zn_TPL_CONC_FISH","Zn_TPL_CONC_FISH_tblGeotraces_Seawater_IDP2021v2"
"1499","tblGeotraces_Seawater_IDP2021v2","Zn_TPL_CONC_FISH_qc","Zn_TPL_CONC_FISH_qc_tblGeotraces_Seawater_IDP2021v2"
"1500","tblGeotraces_Seawater_IDP2021v2","bSi_30_28_TP_DELTA_PUMP","bSi_30_28_TP_DELTA_PUMP_tblGeotraces_Seawater_IDP2021v2"
"1501","tblGeotraces_Seawater_IDP2021v2","bSi_30_28_TP_DELTA_PUMP_qc","bSi_30_28_TP_DELTA_PUMP_qc_tblGeotraces_Seawater_IDP2021v2"
"1502","tblGeotraces_Seawater_IDP2021v2","PIC_LPT_CONC_PUMP","PIC_LPT_CONC_PUMP_tblGeotraces_Seawater_IDP2021v2"
"1503","tblGeotraces_Seawater_IDP2021v2","PIC_LPT_CONC_PUMP_qc","PIC_LPT_CONC_PUMP_qc_tblGeotraces_Seawater_IDP2021v2"
"1504","tblGeotraces_Seawater_IDP2021v2","PIC_SPT_CONC_PUMP","PIC_SPT_CONC_PUMP_tblGeotraces_Seawater_IDP2021v2"
"1505","tblGeotraces_Seawater_IDP2021v2","PIC_SPT_CONC_PUMP_qc","PIC_SPT_CONC_PUMP_qc_tblGeotraces_Seawater_IDP2021v2"
"1506","tblGeotraces_Seawater_IDP2021v2","C_LPT_CONC_PUMP","C_LPT_CONC_PUMP_tblGeotraces_Seawater_IDP2021v2"
"1507","tblGeotraces_Seawater_IDP2021v2","C_LPT_CONC_PUMP_qc","C_LPT_CONC_PUMP_qc_tblGeotraces_Seawater_IDP2021v2"
"1508","tblGeotraces_Seawater_IDP2021v2","C_SPT_CONC_PUMP","C_SPT_CONC_PUMP_tblGeotraces_Seawater_IDP2021v2"
"1509","tblGeotraces_Seawater_IDP2021v2","C_SPT_CONC_PUMP_qc","C_SPT_CONC_PUMP_qc_tblGeotraces_Seawater_IDP2021v2"
"1510","tblGeotraces_Seawater_IDP2021v2","POC_LPT_CONC_PUMP","POC_LPT_CONC_PUMP_tblGeotraces_Seawater_IDP2021v2"
"1511","tblGeotraces_Seawater_IDP2021v2","POC_LPT_CONC_PUMP_qc","POC_LPT_CONC_PUMP_qc_tblGeotraces_Seawater_IDP2021v2"
"1512","tblGeotraces_Seawater_IDP2021v2","POC_SPT_CONC_PUMP","POC_SPT_CONC_PUMP_tblGeotraces_Seawater_IDP2021v2"
"1513","tblGeotraces_Seawater_IDP2021v2","POC_SPT_CONC_PUMP_qc","POC_SPT_CONC_PUMP_qc_tblGeotraces_Seawater_IDP2021v2"
"1514","tblGeotraces_Seawater_IDP2021v2","N_LPT_CONC_PUMP","N_LPT_CONC_PUMP_tblGeotraces_Seawater_IDP2021v2"
"1515","tblGeotraces_Seawater_IDP2021v2","N_LPT_CONC_PUMP_qc","N_LPT_CONC_PUMP_qc_tblGeotraces_Seawater_IDP2021v2"
"1516","tblGeotraces_Seawater_IDP2021v2","N_SPT_CONC_PUMP","N_SPT_CONC_PUMP_tblGeotraces_Seawater_IDP2021v2"
"1517","tblGeotraces_Seawater_IDP2021v2","N_SPT_CONC_PUMP_qc","N_SPT_CONC_PUMP_qc_tblGeotraces_Seawater_IDP2021v2"
"1518","tblGeotraces_Seawater_IDP2021v2","bSi_TP_CONC_PUMP","bSi_TP_CONC_PUMP_tblGeotraces_Seawater_IDP2021v2"
"1519","tblGeotraces_Seawater_IDP2021v2","bSi_TP_CONC_PUMP_qc","bSi_TP_CONC_PUMP_qc_tblGeotraces_Seawater_IDP2021v2"
"1520","tblGeotraces_Seawater_IDP2021v2","bSi_LPT_CONC_PUMP","bSi_LPT_CONC_PUMP_tblGeotraces_Seawater_IDP2021v2"
"1521","tblGeotraces_Seawater_IDP2021v2","bSi_LPT_CONC_PUMP_qc","bSi_LPT_CONC_PUMP_qc_tblGeotraces_Seawater_IDP2021v2"
"1522","tblGeotraces_Seawater_IDP2021v2","bSi_SPT_CONC_PUMP","bSi_SPT_CONC_PUMP_tblGeotraces_Seawater_IDP2021v2"
"1523","tblGeotraces_Seawater_IDP2021v2","bSi_SPT_CONC_PUMP_qc","bSi_SPT_CONC_PUMP_qc_tblGeotraces_Seawater_IDP2021v2"
"1524","tblGeotraces_Seawater_IDP2021v2","PARTICLEMASS_LPT_CONC_PUMP","PARTICLEMASS_LPT_CONC_PUMP_tblGeotraces_Seawater_IDP2021v2"
"1525","tblGeotraces_Seawater_IDP2021v2","PARTICLEMASS_LPT_CONC_PUMP_qc","PARTICLEMASS_LPT_CONC_PUMP_qc_tblGeotraces_Seawater_IDP2021v2"
"1526","tblGeotraces_Seawater_IDP2021v2","PARTICLEMASS_SPT_CONC_PUMP","PARTICLEMASS_SPT_CONC_PUMP_tblGeotraces_Seawater_IDP2021v2"
"1527","tblGeotraces_Seawater_IDP2021v2","PARTICLEMASS_SPT_CONC_PUMP_qc","PARTICLEMASS_SPT_CONC_PUMP_qc_tblGeotraces_Seawater_IDP2021v2"
"1528","tblGeotraces_Seawater_IDP2021v2","Po_210_TP_CONC_BOTTLE","Po_210_TP_CONC_BOTTLE_tblGeotraces_Seawater_IDP2021v2"
"1529","tblGeotraces_Seawater_IDP2021v2","Po_210_TP_CONC_BOTTLE_qc","Po_210_TP_CONC_BOTTLE_qc_tblGeotraces_Seawater_IDP2021v2"
"1530","tblGeotraces_Seawater_IDP2021v2","Pb_210_TP_CONC_BOTTLE","Pb_210_TP_CONC_BOTTLE_tblGeotraces_Seawater_IDP2021v2"
"1531","tblGeotraces_Seawater_IDP2021v2","Pb_210_TP_CONC_BOTTLE_qc","Pb_210_TP_CONC_BOTTLE_qc_tblGeotraces_Seawater_IDP2021v2"
"1532","tblGeotraces_Seawater_IDP2021v2","Po_210_SPT_CONC_PUMP","Po_210_SPT_CONC_PUMP_tblGeotraces_Seawater_IDP2021v2"
"1533","tblGeotraces_Seawater_IDP2021v2","Po_210_SPT_CONC_PUMP_qc","Po_210_SPT_CONC_PUMP_qc_tblGeotraces_Seawater_IDP2021v2"
"1534","tblGeotraces_Seawater_IDP2021v2","Po_210_LPT_CONC_PUMP","Po_210_LPT_CONC_PUMP_tblGeotraces_Seawater_IDP2021v2"
"1535","tblGeotraces_Seawater_IDP2021v2","Po_210_LPT_CONC_PUMP_qc","Po_210_LPT_CONC_PUMP_qc_tblGeotraces_Seawater_IDP2021v2"
"1536","tblGeotraces_Seawater_IDP2021v2","Pb_210_SPT_CONC_PUMP","Pb_210_SPT_CONC_PUMP_tblGeotraces_Seawater_IDP2021v2"
"1537","tblGeotraces_Seawater_IDP2021v2","Pb_210_SPT_CONC_PUMP_qc","Pb_210_SPT_CONC_PUMP_qc_tblGeotraces_Seawater_IDP2021v2"
"1538","tblGeotraces_Seawater_IDP2021v2","Pb_210_LPT_CONC_PUMP","Pb_210_LPT_CONC_PUMP_tblGeotraces_Seawater_IDP2021v2"
"1539","tblGeotraces_Seawater_IDP2021v2","Pb_210_LPT_CONC_PUMP_qc","Pb_210_LPT_CONC_PUMP_qc_tblGeotraces_Seawater_IDP2021v2"
"1540","tblGeotraces_Seawater_IDP2021v2","Pa_231_TP_CONC_PUMP","Pa_231_TP_CONC_PUMP_tblGeotraces_Seawater_IDP2021v2"
"1541","tblGeotraces_Seawater_IDP2021v2","Pa_231_TP_CONC_PUMP_qc","Pa_231_TP_CONC_PUMP_qc_tblGeotraces_Seawater_IDP2021v2"
"1542","tblGeotraces_Seawater_IDP2021v2","Pa_231_SPT_CONC_PUMP","Pa_231_SPT_CONC_PUMP_tblGeotraces_Seawater_IDP2021v2"
"1543","tblGeotraces_Seawater_IDP2021v2","Pa_231_SPT_CONC_PUMP_qc","Pa_231_SPT_CONC_PUMP_qc_tblGeotraces_Seawater_IDP2021v2"
"1544","tblGeotraces_Seawater_IDP2021v2","Pa_231_LPT_CONC_PUMP","Pa_231_LPT_CONC_PUMP_tblGeotraces_Seawater_IDP2021v2"
"1545","tblGeotraces_Seawater_IDP2021v2","Pa_231_LPT_CONC_PUMP_qc","Pa_231_LPT_CONC_PUMP_qc_tblGeotraces_Seawater_IDP2021v2"
"1546","tblGeotraces_Seawater_IDP2021v2","Th_228_SPT_CONC_PUMP","Th_228_SPT_CONC_PUMP_tblGeotraces_Seawater_IDP2021v2"
"1547","tblGeotraces_Seawater_IDP2021v2","Th_228_SPT_CONC_PUMP_qc","Th_228_SPT_CONC_PUMP_qc_tblGeotraces_Seawater_IDP2021v2"
"1548","tblGeotraces_Seawater_IDP2021v2","Th_228_LPT_CONC_PUMP","Th_228_LPT_CONC_PUMP_tblGeotraces_Seawater_IDP2021v2"
"1549","tblGeotraces_Seawater_IDP2021v2","Th_228_LPT_CONC_PUMP_qc","Th_228_LPT_CONC_PUMP_qc_tblGeotraces_Seawater_IDP2021v2"
"1550","tblGeotraces_Seawater_IDP2021v2","Th_230_TP_CONC_PUMP","Th_230_TP_CONC_PUMP_tblGeotraces_Seawater_IDP2021v2"
"1551","tblGeotraces_Seawater_IDP2021v2","Th_230_TP_CONC_PUMP_qc","Th_230_TP_CONC_PUMP_qc_tblGeotraces_Seawater_IDP2021v2"
"1552","tblGeotraces_Seawater_IDP2021v2","Th_230_SPT_CONC_PUMP","Th_230_SPT_CONC_PUMP_tblGeotraces_Seawater_IDP2021v2"
"1553","tblGeotraces_Seawater_IDP2021v2","Th_230_SPT_CONC_PUMP_qc","Th_230_SPT_CONC_PUMP_qc_tblGeotraces_Seawater_IDP2021v2"
"1554","tblGeotraces_Seawater_IDP2021v2","Th_230_LPT_CONC_PUMP","Th_230_LPT_CONC_PUMP_tblGeotraces_Seawater_IDP2021v2"
"1555","tblGeotraces_Seawater_IDP2021v2","Th_230_LPT_CONC_PUMP_qc","Th_230_LPT_CONC_PUMP_qc_tblGeotraces_Seawater_IDP2021v2"
"1556","tblGeotraces_Seawater_IDP2021v2","Th_232_TP_CONC_PUMP","Th_232_TP_CONC_PUMP_tblGeotraces_Seawater_IDP2021v2"
"1557","tblGeotraces_Seawater_IDP2021v2","Th_232_TP_CONC_PUMP_qc","Th_232_TP_CONC_PUMP_qc_tblGeotraces_Seawater_IDP2021v2"
"1558","tblGeotraces_Seawater_IDP2021v2","Th_232_SPT_CONC_PUMP","Th_232_SPT_CONC_PUMP_tblGeotraces_Seawater_IDP2021v2"
"1559","tblGeotraces_Seawater_IDP2021v2","Th_232_SPT_CONC_PUMP_qc","Th_232_SPT_CONC_PUMP_qc_tblGeotraces_Seawater_IDP2021v2"
"1560","tblGeotraces_Seawater_IDP2021v2","Th_232_LPT_CONC_PUMP","Th_232_LPT_CONC_PUMP_tblGeotraces_Seawater_IDP2021v2"
"1561","tblGeotraces_Seawater_IDP2021v2","Th_232_LPT_CONC_PUMP_qc","Th_232_LPT_CONC_PUMP_qc_tblGeotraces_Seawater_IDP2021v2"
"1562","tblGeotraces_Seawater_IDP2021v2","Th_234_SPT_CONC_PUMP","Th_234_SPT_CONC_PUMP_tblGeotraces_Seawater_IDP2021v2"
"1563","tblGeotraces_Seawater_IDP2021v2","Th_234_SPT_CONC_PUMP_qc","Th_234_SPT_CONC_PUMP_qc_tblGeotraces_Seawater_IDP2021v2"
"1564","tblGeotraces_Seawater_IDP2021v2","Th_234_LPT_CONC_PUMP","Th_234_LPT_CONC_PUMP_tblGeotraces_Seawater_IDP2021v2"
"1565","tblGeotraces_Seawater_IDP2021v2","Th_234_LPT_CONC_PUMP_qc","Th_234_LPT_CONC_PUMP_qc_tblGeotraces_Seawater_IDP2021v2"
"1566","tblGeotraces_Seawater_IDP2021v2","Po_210_TP_CONC_UWAY","Po_210_TP_CONC_UWAY_tblGeotraces_Seawater_IDP2021v2"
"1567","tblGeotraces_Seawater_IDP2021v2","Po_210_TP_CONC_UWAY_qc","Po_210_TP_CONC_UWAY_qc_tblGeotraces_Seawater_IDP2021v2"
"1568","tblGeotraces_Seawater_IDP2021v2","Pb_210_TP_CONC_UWAY","Pb_210_TP_CONC_UWAY_tblGeotraces_Seawater_IDP2021v2"
"1569","tblGeotraces_Seawater_IDP2021v2","Pb_210_TP_CONC_UWAY_qc","Pb_210_TP_CONC_UWAY_qc_tblGeotraces_Seawater_IDP2021v2"
"1570","tblGeotraces_Seawater_IDP2021v2","Nd_143_144_TP_EPSILON_PUMP","Nd_143_144_TP_EPSILON_PUMP_tblGeotraces_Seawater_IDP2021v2"
"1571","tblGeotraces_Seawater_IDP2021v2","Nd_143_144_TP_EPSILON_PUMP_qc","Nd_143_144_TP_EPSILON_PUMP_qc_tblGeotraces_Seawater_IDP2021v2"
"1572","tblGeotraces_Seawater_IDP2021v2","Y_TP_CONC_BOTTLE","Y_TP_CONC_BOTTLE_tblGeotraces_Seawater_IDP2021v2"
"1573","tblGeotraces_Seawater_IDP2021v2","Y_TP_CONC_BOTTLE_qc","Y_TP_CONC_BOTTLE_qc_tblGeotraces_Seawater_IDP2021v2"
"1574","tblGeotraces_Seawater_IDP2021v2","La_TP_CONC_BOTTLE","La_TP_CONC_BOTTLE_tblGeotraces_Seawater_IDP2021v2"
"1575","tblGeotraces_Seawater_IDP2021v2","La_TP_CONC_BOTTLE_qc","La_TP_CONC_BOTTLE_qc_tblGeotraces_Seawater_IDP2021v2"
"1576","tblGeotraces_Seawater_IDP2021v2","Ce_TP_CONC_BOTTLE","Ce_TP_CONC_BOTTLE_tblGeotraces_Seawater_IDP2021v2"
"1577","tblGeotraces_Seawater_IDP2021v2","Ce_TP_CONC_BOTTLE_qc","Ce_TP_CONC_BOTTLE_qc_tblGeotraces_Seawater_IDP2021v2"
"1578","tblGeotraces_Seawater_IDP2021v2","Pr_TP_CONC_BOTTLE","Pr_TP_CONC_BOTTLE_tblGeotraces_Seawater_IDP2021v2"
"1579","tblGeotraces_Seawater_IDP2021v2","Pr_TP_CONC_BOTTLE_qc","Pr_TP_CONC_BOTTLE_qc_tblGeotraces_Seawater_IDP2021v2"
"1580","tblGeotraces_Seawater_IDP2021v2","Nd_TP_CONC_BOTTLE","Nd_TP_CONC_BOTTLE_tblGeotraces_Seawater_IDP2021v2"
"1581","tblGeotraces_Seawater_IDP2021v2","Nd_TP_CONC_BOTTLE_qc","Nd_TP_CONC_BOTTLE_qc_tblGeotraces_Seawater_IDP2021v2"
"1582","tblGeotraces_Seawater_IDP2021v2","Sm_TP_CONC_BOTTLE","Sm_TP_CONC_BOTTLE_tblGeotraces_Seawater_IDP2021v2"
"1583","tblGeotraces_Seawater_IDP2021v2","Sm_TP_CONC_BOTTLE_qc","Sm_TP_CONC_BOTTLE_qc_tblGeotraces_Seawater_IDP2021v2"
"1584","tblGeotraces_Seawater_IDP2021v2","Eu_TP_CONC_BOTTLE","Eu_TP_CONC_BOTTLE_tblGeotraces_Seawater_IDP2021v2"
"1585","tblGeotraces_Seawater_IDP2021v2","Eu_TP_CONC_BOTTLE_qc","Eu_TP_CONC_BOTTLE_qc_tblGeotraces_Seawater_IDP2021v2"
"1586","tblGeotraces_Seawater_IDP2021v2","Gd_TP_CONC_BOTTLE","Gd_TP_CONC_BOTTLE_tblGeotraces_Seawater_IDP2021v2"
"1587","tblGeotraces_Seawater_IDP2021v2","Gd_TP_CONC_BOTTLE_qc","Gd_TP_CONC_BOTTLE_qc_tblGeotraces_Seawater_IDP2021v2"
"1588","tblGeotraces_Seawater_IDP2021v2","Tb_TP_CONC_BOTTLE","Tb_TP_CONC_BOTTLE_tblGeotraces_Seawater_IDP2021v2"
"1589","tblGeotraces_Seawater_IDP2021v2","Tb_TP_CONC_BOTTLE_qc","Tb_TP_CONC_BOTTLE_qc_tblGeotraces_Seawater_IDP2021v2"
"1590","tblGeotraces_Seawater_IDP2021v2","Dy_TP_CONC_BOTTLE","Dy_TP_CONC_BOTTLE_tblGeotraces_Seawater_IDP2021v2"
"1591","tblGeotraces_Seawater_IDP2021v2","Dy_TP_CONC_BOTTLE_qc","Dy_TP_CONC_BOTTLE_qc_tblGeotraces_Seawater_IDP2021v2"
"1592","tblGeotraces_Seawater_IDP2021v2","Ho_TP_CONC_BOTTLE","Ho_TP_CONC_BOTTLE_tblGeotraces_Seawater_IDP2021v2"
"1593","tblGeotraces_Seawater_IDP2021v2","Ho_TP_CONC_BOTTLE_qc","Ho_TP_CONC_BOTTLE_qc_tblGeotraces_Seawater_IDP2021v2"
"1594","tblGeotraces_Seawater_IDP2021v2","Er_TP_CONC_BOTTLE","Er_TP_CONC_BOTTLE_tblGeotraces_Seawater_IDP2021v2"
"1595","tblGeotraces_Seawater_IDP2021v2","Er_TP_CONC_BOTTLE_qc","Er_TP_CONC_BOTTLE_qc_tblGeotraces_Seawater_IDP2021v2"
"1596","tblGeotraces_Seawater_IDP2021v2","Tm_TP_CONC_BOTTLE","Tm_TP_CONC_BOTTLE_tblGeotraces_Seawater_IDP2021v2"
"1597","tblGeotraces_Seawater_IDP2021v2","Tm_TP_CONC_BOTTLE_qc","Tm_TP_CONC_BOTTLE_qc_tblGeotraces_Seawater_IDP2021v2"
"1598","tblGeotraces_Seawater_IDP2021v2","Yb_TP_CONC_BOTTLE","Yb_TP_CONC_BOTTLE_tblGeotraces_Seawater_IDP2021v2"
"1599","tblGeotraces_Seawater_IDP2021v2","Yb_TP_CONC_BOTTLE_qc","Yb_TP_CONC_BOTTLE_qc_tblGeotraces_Seawater_IDP2021v2"
"1600","tblGeotraces_Seawater_IDP2021v2","Lu_TP_CONC_BOTTLE","Lu_TP_CONC_BOTTLE_tblGeotraces_Seawater_IDP2021v2"
"1601","tblGeotraces_Seawater_IDP2021v2","Lu_TP_CONC_BOTTLE_qc","Lu_TP_CONC_BOTTLE_qc_tblGeotraces_Seawater_IDP2021v2"
"1602","tblGeotraces_Seawater_IDP2021v2","Y_LPT_CONC_PUMP","Y_LPT_CONC_PUMP_tblGeotraces_Seawater_IDP2021v2"
"1603","tblGeotraces_Seawater_IDP2021v2","Y_LPT_CONC_PUMP_qc","Y_LPT_CONC_PUMP_qc_tblGeotraces_Seawater_IDP2021v2"
"1604","tblGeotraces_Seawater_IDP2021v2","Y_SPT_CONC_PUMP","Y_SPT_CONC_PUMP_tblGeotraces_Seawater_IDP2021v2"
"1605","tblGeotraces_Seawater_IDP2021v2","Y_SPT_CONC_PUMP_qc","Y_SPT_CONC_PUMP_qc_tblGeotraces_Seawater_IDP2021v2"
"1606","tblGeotraces_Seawater_IDP2021v2","Nd_TP_CONC_PUMP","Nd_TP_CONC_PUMP_tblGeotraces_Seawater_IDP2021v2"
"1607","tblGeotraces_Seawater_IDP2021v2","Nd_TP_CONC_PUMP_qc","Nd_TP_CONC_PUMP_qc_tblGeotraces_Seawater_IDP2021v2"
"1608","tblGeotraces_Seawater_IDP2021v2","Nd_LPT_CONC_PUMP","Nd_LPT_CONC_PUMP_tblGeotraces_Seawater_IDP2021v2"
"1609","tblGeotraces_Seawater_IDP2021v2","Nd_LPT_CONC_PUMP_qc","Nd_LPT_CONC_PUMP_qc_tblGeotraces_Seawater_IDP2021v2"
"1610","tblGeotraces_Seawater_IDP2021v2","Nd_SPT_CONC_PUMP","Nd_SPT_CONC_PUMP_tblGeotraces_Seawater_IDP2021v2"
"1611","tblGeotraces_Seawater_IDP2021v2","Nd_SPT_CONC_PUMP_qc","Nd_SPT_CONC_PUMP_qc_tblGeotraces_Seawater_IDP2021v2"
"1612","tblGeotraces_Seawater_IDP2021v2","Y_TP_CONC_FISH","Y_TP_CONC_FISH_tblGeotraces_Seawater_IDP2021v2"
"1613","tblGeotraces_Seawater_IDP2021v2","Y_TP_CONC_FISH_qc","Y_TP_CONC_FISH_qc_tblGeotraces_Seawater_IDP2021v2"
"1614","tblGeotraces_Seawater_IDP2021v2","La_TP_CONC_FISH","La_TP_CONC_FISH_tblGeotraces_Seawater_IDP2021v2"
"1615","tblGeotraces_Seawater_IDP2021v2","La_TP_CONC_FISH_qc","La_TP_CONC_FISH_qc_tblGeotraces_Seawater_IDP2021v2"
"1616","tblGeotraces_Seawater_IDP2021v2","Fe_56_54_TP_DELTA_BOTTLE","Fe_56_54_TP_DELTA_BOTTLE_tblGeotraces_Seawater_IDP2021v2"
"1617","tblGeotraces_Seawater_IDP2021v2","Fe_56_54_TP_DELTA_BOTTLE_qc","Fe_56_54_TP_DELTA_BOTTLE_qc_tblGeotraces_Seawater_IDP2021v2"
"1618","tblGeotraces_Seawater_IDP2021v2","Ba_138_134_SPL_DELTA_PUMP","Ba_138_134_SPL_DELTA_PUMP_tblGeotraces_Seawater_IDP2021v2"
"1619","tblGeotraces_Seawater_IDP2021v2","Ba_138_134_SPL_DELTA_PUMP_qc","Ba_138_134_SPL_DELTA_PUMP_qc_tblGeotraces_Seawater_IDP2021v2"
"1620","tblGeotraces_Seawater_IDP2021v2","Cu_65_63_SPT_DELTA_PUMP","Cu_65_63_SPT_DELTA_PUMP_tblGeotraces_Seawater_IDP2021v2"
"1621","tblGeotraces_Seawater_IDP2021v2","Cu_65_63_SPT_DELTA_PUMP_qc","Cu_65_63_SPT_DELTA_PUMP_qc_tblGeotraces_Seawater_IDP2021v2"
"1622","tblGeotraces_Seawater_IDP2021v2","Cu_65_63_SPL_DELTA_PUMP","Cu_65_63_SPL_DELTA_PUMP_tblGeotraces_Seawater_IDP2021v2"
"1623","tblGeotraces_Seawater_IDP2021v2","Cu_65_63_SPL_DELTA_PUMP_qc","Cu_65_63_SPL_DELTA_PUMP_qc_tblGeotraces_Seawater_IDP2021v2"
"1624","tblGeotraces_Seawater_IDP2021v2","Allo_HPLC_TP_CONC_BOTTLE","Allo_HPLC_TP_CONC_BOTTLE_tblGeotraces_Seawater_IDP2021v2"
"1625","tblGeotraces_Seawater_IDP2021v2","Allo_HPLC_TP_CONC_BOTTLE_qc","Allo_HPLC_TP_CONC_BOTTLE_qc_tblGeotraces_Seawater_IDP2021v2"
"1626","tblGeotraces_Seawater_IDP2021v2","Anth_HPLC_TP_CONC_BOTTLE","Anth_HPLC_TP_CONC_BOTTLE_tblGeotraces_Seawater_IDP2021v2"
"1627","tblGeotraces_Seawater_IDP2021v2","Anth_HPLC_TP_CONC_BOTTLE_qc","Anth_HPLC_TP_CONC_BOTTLE_qc_tblGeotraces_Seawater_IDP2021v2"
"1628","tblGeotraces_Seawater_IDP2021v2","But_fuco_HPLC_TP_CONC_BOTTLE","But_fuco_HPLC_TP_CONC_BOTTLE_tblGeotraces_Seawater_IDP2021v2"
"1629","tblGeotraces_Seawater_IDP2021v2","But_fuco_HPLC_TP_CONC_BOTTLE_qc","But_fuco_HPLC_TP_CONC_BOTTLE_qc_tblGeotraces_Seawater_IDP2021v2"
"1630","tblGeotraces_Seawater_IDP2021v2","Alpha_Car_HPLC_TP_CONC_BOTTLE","Alpha_Car_HPLC_TP_CONC_BOTTLE_tblGeotraces_Seawater_IDP2021v2"
"1631","tblGeotraces_Seawater_IDP2021v2","Alpha_Car_HPLC_TP_CONC_BOTTLE_qc","Alpha_Car_HPLC_TP_CONC_BOTTLE_qc_tblGeotraces_Seawater_IDP2021v2"
"1632","tblGeotraces_Seawater_IDP2021v2","Beta_Car_HPLC_TP_CONC_BOTTLE","Beta_Car_HPLC_TP_CONC_BOTTLE_tblGeotraces_Seawater_IDP2021v2"
"1633","tblGeotraces_Seawater_IDP2021v2","Beta_Car_HPLC_TP_CONC_BOTTLE_qc","Beta_Car_HPLC_TP_CONC_BOTTLE_qc_tblGeotraces_Seawater_IDP2021v2"
"1634","tblGeotraces_Seawater_IDP2021v2","Diadino_HPLC_TP_CONC_BOTTLE","Diadino_HPLC_TP_CONC_BOTTLE_tblGeotraces_Seawater_IDP2021v2"
"1635","tblGeotraces_Seawater_IDP2021v2","Diadino_HPLC_TP_CONC_BOTTLE_qc","Diadino_HPLC_TP_CONC_BOTTLE_qc_tblGeotraces_Seawater_IDP2021v2"
"1636","tblGeotraces_Seawater_IDP2021v2","Diato_HPLC_TP_CONC_BOTTLE","Diato_HPLC_TP_CONC_BOTTLE_tblGeotraces_Seawater_IDP2021v2"
"1637","tblGeotraces_Seawater_IDP2021v2","Diato_HPLC_TP_CONC_BOTTLE_qc","Diato_HPLC_TP_CONC_BOTTLE_qc_tblGeotraces_Seawater_IDP2021v2"
"1638","tblGeotraces_Seawater_IDP2021v2","Fuco_HPLC_TP_CONC_BOTTLE","Fuco_HPLC_TP_CONC_BOTTLE_tblGeotraces_Seawater_IDP2021v2"
"1639","tblGeotraces_Seawater_IDP2021v2","Fuco_HPLC_TP_CONC_BOTTLE_qc","Fuco_HPLC_TP_CONC_BOTTLE_qc_tblGeotraces_Seawater_IDP2021v2"
"1640","tblGeotraces_Seawater_IDP2021v2","Hex_fuco_HPLC_TP_CONC_BOTTLE","Hex_fuco_HPLC_TP_CONC_BOTTLE_tblGeotraces_Seawater_IDP2021v2"
"1641","tblGeotraces_Seawater_IDP2021v2","Hex_fuco_HPLC_TP_CONC_BOTTLE_qc","Hex_fuco_HPLC_TP_CONC_BOTTLE_qc_tblGeotraces_Seawater_IDP2021v2"
"1642","tblGeotraces_Seawater_IDP2021v2","Lut_HPLC_TP_CONC_BOTTLE","Lut_HPLC_TP_CONC_BOTTLE_tblGeotraces_Seawater_IDP2021v2"
"1643","tblGeotraces_Seawater_IDP2021v2","Lut_HPLC_TP_CONC_BOTTLE_qc","Lut_HPLC_TP_CONC_BOTTLE_qc_tblGeotraces_Seawater_IDP2021v2"
"1644","tblGeotraces_Seawater_IDP2021v2","Neo_HPLC_TP_CONC_BOTTLE","Neo_HPLC_TP_CONC_BOTTLE_tblGeotraces_Seawater_IDP2021v2"
"1645","tblGeotraces_Seawater_IDP2021v2","Neo_HPLC_TP_CONC_BOTTLE_qc","Neo_HPLC_TP_CONC_BOTTLE_qc_tblGeotraces_Seawater_IDP2021v2"
"1646","tblGeotraces_Seawater_IDP2021v2","Perid_HPLC_TP_CONC_BOTTLE","Perid_HPLC_TP_CONC_BOTTLE_tblGeotraces_Seawater_IDP2021v2"
"1647","tblGeotraces_Seawater_IDP2021v2","Perid_HPLC_TP_CONC_BOTTLE_qc","Perid_HPLC_TP_CONC_BOTTLE_qc_tblGeotraces_Seawater_IDP2021v2"
"1648","tblGeotraces_Seawater_IDP2021v2","Pras_HPLC_TP_CONC_BOTTLE","Pras_HPLC_TP_CONC_BOTTLE_tblGeotraces_Seawater_IDP2021v2"
"1649","tblGeotraces_Seawater_IDP2021v2","Pras_HPLC_TP_CONC_BOTTLE_qc","Pras_HPLC_TP_CONC_BOTTLE_qc_tblGeotraces_Seawater_IDP2021v2"
"1650","tblGeotraces_Seawater_IDP2021v2","Viola_HPLC_TP_CONC_BOTTLE","Viola_HPLC_TP_CONC_BOTTLE_tblGeotraces_Seawater_IDP2021v2"
"1651","tblGeotraces_Seawater_IDP2021v2","Viola_HPLC_TP_CONC_BOTTLE_qc","Viola_HPLC_TP_CONC_BOTTLE_qc_tblGeotraces_Seawater_IDP2021v2"
"1652","tblGeotraces_Seawater_IDP2021v2","Zea_HPLC_TP_CONC_BOTTLE","Zea_HPLC_TP_CONC_BOTTLE_tblGeotraces_Seawater_IDP2021v2"
"1653","tblGeotraces_Seawater_IDP2021v2","Zea_HPLC_TP_CONC_BOTTLE_qc","Zea_HPLC_TP_CONC_BOTTLE_qc_tblGeotraces_Seawater_IDP2021v2"
"1654","tblGeotraces_Seawater_IDP2021v2","Gyrox_HPLC_TP_CONC_BOTTLE","Gyrox_HPLC_TP_CONC_BOTTLE_tblGeotraces_Seawater_IDP2021v2"
"1655","tblGeotraces_Seawater_IDP2021v2","Gyrox_HPLC_TP_CONC_BOTTLE_qc","Gyrox_HPLC_TP_CONC_BOTTLE_qc_tblGeotraces_Seawater_IDP2021v2"
"1656","tblGeotraces_Seawater_IDP2021v2","Allo_HPLC_TP_CONC_FISH","Allo_HPLC_TP_CONC_FISH_tblGeotraces_Seawater_IDP2021v2"
"1657","tblGeotraces_Seawater_IDP2021v2","Allo_HPLC_TP_CONC_FISH_qc","Allo_HPLC_TP_CONC_FISH_qc_tblGeotraces_Seawater_IDP2021v2"
"1658","tblGeotraces_Seawater_IDP2021v2","But_fuco_HPLC_TP_CONC_FISH","But_fuco_HPLC_TP_CONC_FISH_tblGeotraces_Seawater_IDP2021v2"
"1659","tblGeotraces_Seawater_IDP2021v2","But_fuco_HPLC_TP_CONC_FISH_qc","But_fuco_HPLC_TP_CONC_FISH_qc_tblGeotraces_Seawater_IDP2021v2"
"1660","tblGeotraces_Seawater_IDP2021v2","Beta_Car_HPLC_TP_CONC_FISH","Beta_Car_HPLC_TP_CONC_FISH_tblGeotraces_Seawater_IDP2021v2"
"1661","tblGeotraces_Seawater_IDP2021v2","Beta_Car_HPLC_TP_CONC_FISH_qc","Beta_Car_HPLC_TP_CONC_FISH_qc_tblGeotraces_Seawater_IDP2021v2"
"1662","tblGeotraces_Seawater_IDP2021v2","Diadino_HPLC_TP_CONC_FISH","Diadino_HPLC_TP_CONC_FISH_tblGeotraces_Seawater_IDP2021v2"
"1663","tblGeotraces_Seawater_IDP2021v2","Diadino_HPLC_TP_CONC_FISH_qc","Diadino_HPLC_TP_CONC_FISH_qc_tblGeotraces_Seawater_IDP2021v2"
"1664","tblGeotraces_Seawater_IDP2021v2","Fuco_HPLC_TP_CONC_FISH","Fuco_HPLC_TP_CONC_FISH_tblGeotraces_Seawater_IDP2021v2"
"1665","tblGeotraces_Seawater_IDP2021v2","Fuco_HPLC_TP_CONC_FISH_qc","Fuco_HPLC_TP_CONC_FISH_qc_tblGeotraces_Seawater_IDP2021v2"
"1666","tblGeotraces_Seawater_IDP2021v2","Hex_fuco_HPLC_TP_CONC_FISH","Hex_fuco_HPLC_TP_CONC_FISH_tblGeotraces_Seawater_IDP2021v2"
"1667","tblGeotraces_Seawater_IDP2021v2","Hex_fuco_HPLC_TP_CONC_FISH_qc","Hex_fuco_HPLC_TP_CONC_FISH_qc_tblGeotraces_Seawater_IDP2021v2"
"1668","tblGeotraces_Seawater_IDP2021v2","Lut_HPLC_TP_CONC_FISH","Lut_HPLC_TP_CONC_FISH_tblGeotraces_Seawater_IDP2021v2"
"1669","tblGeotraces_Seawater_IDP2021v2","Lut_HPLC_TP_CONC_FISH_qc","Lut_HPLC_TP_CONC_FISH_qc_tblGeotraces_Seawater_IDP2021v2"
"1670","tblGeotraces_Seawater_IDP2021v2","Perid_HPLC_TP_CONC_FISH","Perid_HPLC_TP_CONC_FISH_tblGeotraces_Seawater_IDP2021v2"
"1671","tblGeotraces_Seawater_IDP2021v2","Perid_HPLC_TP_CONC_FISH_qc","Perid_HPLC_TP_CONC_FISH_qc_tblGeotraces_Seawater_IDP2021v2"
"1672","tblGeotraces_Seawater_IDP2021v2","Viola_HPLC_TP_CONC_FISH","Viola_HPLC_TP_CONC_FISH_tblGeotraces_Seawater_IDP2021v2"
"1673","tblGeotraces_Seawater_IDP2021v2","Viola_HPLC_TP_CONC_FISH_qc","Viola_HPLC_TP_CONC_FISH_qc_tblGeotraces_Seawater_IDP2021v2"
"1674","tblGeotraces_Seawater_IDP2021v2","Zea_HPLC_TP_CONC_FISH","Zea_HPLC_TP_CONC_FISH_tblGeotraces_Seawater_IDP2021v2"
"1675","tblGeotraces_Seawater_IDP2021v2","Zea_HPLC_TP_CONC_FISH_qc","Zea_HPLC_TP_CONC_FISH_qc_tblGeotraces_Seawater_IDP2021v2"
"1676","tblGeotraces_Seawater_IDP2021v2","Chl_a_HPLC_TP_CONC_BOTTLE","Chl_a_HPLC_TP_CONC_BOTTLE_tblGeotraces_Seawater_IDP2021v2"
"1677","tblGeotraces_Seawater_IDP2021v2","Chl_a_HPLC_TP_CONC_BOTTLE_qc","Chl_a_HPLC_TP_CONC_BOTTLE_qc_tblGeotraces_Seawater_IDP2021v2"
"1678","tblGeotraces_Seawater_IDP2021v2","Chl_b_HPLC_TP_CONC_BOTTLE","Chl_b_HPLC_TP_CONC_BOTTLE_tblGeotraces_Seawater_IDP2021v2"
"1679","tblGeotraces_Seawater_IDP2021v2","Chl_b_HPLC_TP_CONC_BOTTLE_qc","Chl_b_HPLC_TP_CONC_BOTTLE_qc_tblGeotraces_Seawater_IDP2021v2"
"1680","tblGeotraces_Seawater_IDP2021v2","Chl_c3_HPLC_TP_CONC_BOTTLE","Chl_c3_HPLC_TP_CONC_BOTTLE_tblGeotraces_Seawater_IDP2021v2"
"1681","tblGeotraces_Seawater_IDP2021v2","Chl_c3_HPLC_TP_CONC_BOTTLE_qc","Chl_c3_HPLC_TP_CONC_BOTTLE_qc_tblGeotraces_Seawater_IDP2021v2"
"1682","tblGeotraces_Seawater_IDP2021v2","Chl_c1_chl_c2_HPLC_TP_CONC_BOTTLE","Chl_c1_chl_c2_HPLC_TP_CONC_BOTTLE_tblGeotraces_Seawater_IDP2021v2"
"1683","tblGeotraces_Seawater_IDP2021v2","Chl_c1_chl_c2_HPLC_TP_CONC_BOTTLE_qc","Chl_c1_chl_c2_HPLC_TP_CONC_BOTTLE_qc_tblGeotraces_Seawater_IDP2021v2"
"1684","tblGeotraces_Seawater_IDP2021v2","Chl_c_TOT_HPLC_TP_CONC_BOTTLE","Chl_c_TOT_HPLC_TP_CONC_BOTTLE_tblGeotraces_Seawater_IDP2021v2"
"1685","tblGeotraces_Seawater_IDP2021v2","Chl_c_TOT_HPLC_TP_CONC_BOTTLE_qc","Chl_c_TOT_HPLC_TP_CONC_BOTTLE_qc_tblGeotraces_Seawater_IDP2021v2"
"1686","tblGeotraces_Seawater_IDP2021v2","Chl_a_allom_HPLC_TP_CONC_BOTTLE","Chl_a_allom_HPLC_TP_CONC_BOTTLE_tblGeotraces_Seawater_IDP2021v2"
"1687","tblGeotraces_Seawater_IDP2021v2","Chl_a_allom_HPLC_TP_CONC_BOTTLE_qc","Chl_a_allom_HPLC_TP_CONC_BOTTLE_qc_tblGeotraces_Seawater_IDP2021v2"
"1688","tblGeotraces_Seawater_IDP2021v2","Chl_a_epimer_HPLC_TP_CONC_BOTTLE","Chl_a_epimer_HPLC_TP_CONC_BOTTLE_tblGeotraces_Seawater_IDP2021v2"
"1689","tblGeotraces_Seawater_IDP2021v2","Chl_a_epimer_HPLC_TP_CONC_BOTTLE_qc","Chl_a_epimer_HPLC_TP_CONC_BOTTLE_qc_tblGeotraces_Seawater_IDP2021v2"
"1690","tblGeotraces_Seawater_IDP2021v2","Chlide_a_HPLC_TP_CONC_BOTTLE","Chlide_a_HPLC_TP_CONC_BOTTLE_tblGeotraces_Seawater_IDP2021v2"
"1691","tblGeotraces_Seawater_IDP2021v2","Chlide_a_HPLC_TP_CONC_BOTTLE_qc","Chlide_a_HPLC_TP_CONC_BOTTLE_qc_tblGeotraces_Seawater_IDP2021v2"
"1692","tblGeotraces_Seawater_IDP2021v2","DV_chl_a_HPLC_TP_CONC_BOTTLE","DV_chl_a_HPLC_TP_CONC_BOTTLE_tblGeotraces_Seawater_IDP2021v2"
"1693","tblGeotraces_Seawater_IDP2021v2","DV_chl_a_HPLC_TP_CONC_BOTTLE_qc","DV_chl_a_HPLC_TP_CONC_BOTTLE_qc_tblGeotraces_Seawater_IDP2021v2"
"1694","tblGeotraces_Seawater_IDP2021v2","Chl_a_DV_chla_HPLC_TP_CONC_BOTTLE","Chl_a_DV_chla_HPLC_TP_CONC_BOTTLE_tblGeotraces_Seawater_IDP2021v2"
"1695","tblGeotraces_Seawater_IDP2021v2","Chl_a_DV_chla_HPLC_TP_CONC_BOTTLE_qc","Chl_a_DV_chla_HPLC_TP_CONC_BOTTLE_qc_tblGeotraces_Seawater_IDP2021v2"
"1696","tblGeotraces_Seawater_IDP2021v2","Chl_a_HPLC_TP_CONC_FISH","Chl_a_HPLC_TP_CONC_FISH_tblGeotraces_Seawater_IDP2021v2"
"1697","tblGeotraces_Seawater_IDP2021v2","Chl_a_HPLC_TP_CONC_FISH_qc","Chl_a_HPLC_TP_CONC_FISH_qc_tblGeotraces_Seawater_IDP2021v2"
"1698","tblGeotraces_Seawater_IDP2021v2","Chl_b_HPLC_TP_CONC_FISH","Chl_b_HPLC_TP_CONC_FISH_tblGeotraces_Seawater_IDP2021v2"
"1699","tblGeotraces_Seawater_IDP2021v2","Chl_b_HPLC_TP_CONC_FISH_qc","Chl_b_HPLC_TP_CONC_FISH_qc_tblGeotraces_Seawater_IDP2021v2"
"1700","tblGeotraces_Seawater_IDP2021v2","Chl_c3_HPLC_TP_CONC_FISH","Chl_c3_HPLC_TP_CONC_FISH_tblGeotraces_Seawater_IDP2021v2"
"1701","tblGeotraces_Seawater_IDP2021v2","Chl_c3_HPLC_TP_CONC_FISH_qc","Chl_c3_HPLC_TP_CONC_FISH_qc_tblGeotraces_Seawater_IDP2021v2"
"1702","tblGeotraces_Seawater_IDP2021v2","DV_chl_a_HPLC_TP_CONC_FISH","DV_chl_a_HPLC_TP_CONC_FISH_tblGeotraces_Seawater_IDP2021v2"
"1703","tblGeotraces_Seawater_IDP2021v2","DV_chl_a_HPLC_TP_CONC_FISH_qc","DV_chl_a_HPLC_TP_CONC_FISH_qc_tblGeotraces_Seawater_IDP2021v2"
"1704","tblGeotraces_Seawater_IDP2021v2","CHLA_FLUOR_TP_CONC_BOTTLE","CHLA_FLUOR_TP_CONC_BOTTLE_tblGeotraces_Seawater_IDP2021v2"
"1705","tblGeotraces_Seawater_IDP2021v2","CHLA_FLUOR_TP_CONC_BOTTLE_qc","CHLA_FLUOR_TP_CONC_BOTTLE_qc_tblGeotraces_Seawater_IDP2021v2"
"1706","tblGeotraces_Seawater_IDP2021v2","PHAEO_FLUOR_TP_CONC_BOTTLE","PHAEO_FLUOR_TP_CONC_BOTTLE_tblGeotraces_Seawater_IDP2021v2"
"1707","tblGeotraces_Seawater_IDP2021v2","PHAEO_FLUOR_TP_CONC_BOTTLE_qc","PHAEO_FLUOR_TP_CONC_BOTTLE_qc_tblGeotraces_Seawater_IDP2021v2"
"1708","tblGeotraces_Seawater_IDP2021v2","PEP_VAAEAVLSMTK_NiSOD_ProSyn_TP_CONC_PUMP","PEP_VAAEAVLSMTK_NiSOD_ProSyn_TP_CONC_PUMP_tblGeotraces_Seawater_IDP2021v2"
"1709","tblGeotraces_Seawater_IDP2021v2","PEP_VAAEAVLSMTK_NiSOD_ProSyn_TP_CONC_PUMP_qc","PEP_VAAEAVLSMTK_NiSOD_ProSyn_TP_CONC_PUMP_qc_tblGeotraces_Seawater_IDP2021v2"
"1710","tblGeotraces_Seawater_IDP2021v2","PEP_SPYNQSLVANQIVNK_IdiA_Pro_TP_CONC_PUMP","PEP_SPYNQSLVANQIVNK_IdiA_Pro_TP_CONC_PUMP_tblGeotraces_Seawater_IDP2021v2"
"1711","tblGeotraces_Seawater_IDP2021v2","PEP_SPYNQSLVANQIVNK_IdiA_Pro_TP_CONC_PUMP_qc","PEP_SPYNQSLVANQIVNK_IdiA_Pro_TP_CONC_PUMP_qc_tblGeotraces_Seawater_IDP2021v2"
"1712","tblGeotraces_Seawater_IDP2021v2","PEP_LHNFISSAESPK_Fld_Pro_TP_CONC_PUMP","PEP_LHNFISSAESPK_Fld_Pro_TP_CONC_PUMP_tblGeotraces_Seawater_IDP2021v2"
"1713","tblGeotraces_Seawater_IDP2021v2","PEP_LHNFISSAESPK_Fld_Pro_TP_CONC_PUMP_qc","PEP_LHNFISSAESPK_Fld_Pro_TP_CONC_PUMP_qc_tblGeotraces_Seawater_IDP2021v2"
"1714","tblGeotraces_Seawater_IDP2021v2","PEP_AGADMVGYVDK_Fld_Pro_TP_CONC_PUMP","PEP_AGADMVGYVDK_Fld_Pro_TP_CONC_PUMP_tblGeotraces_Seawater_IDP2021v2"
"1715","tblGeotraces_Seawater_IDP2021v2","PEP_AGADMVGYVDK_Fld_Pro_TP_CONC_PUMP_qc","PEP_AGADMVGYVDK_Fld_Pro_TP_CONC_PUMP_qc_tblGeotraces_Seawater_IDP2021v2"
"1716","tblGeotraces_Seawater_IDP2021v2","PEP_TVGIYYATTTGK_Fld_Pro_TP_CONC_PUMP","PEP_TVGIYYATTTGK_Fld_Pro_TP_CONC_PUMP_tblGeotraces_Seawater_IDP2021v2"
"1717","tblGeotraces_Seawater_IDP2021v2","PEP_TVGIYYATTTGK_Fld_Pro_TP_CONC_PUMP_qc","PEP_TVGIYYATTTGK_Fld_Pro_TP_CONC_PUMP_qc_tblGeotraces_Seawater_IDP2021v2"
"1718","tblGeotraces_Seawater_IDP2021v2","PEP_VNSVIDAIAEAAK_P_II_glnB_glnK_Pro_TP_CONC_PUMP","PEP_VNSVIDAIAEAAK_P_II_glnB_glnK_Pro_TP_CONC_PUMP_tblGeotraces_Seawater_IDP2021v2"
"1719","tblGeotraces_Seawater_IDP2021v2","PEP_VNSVIDAIAEAAK_P_II_glnB_glnK_Pro_TP_CONC_PUMP_qc","PEP_VNSVIDAIAEAAK_P_II_glnB_glnK_Pro_TP_CONC_PUMP_qc_tblGeotraces_Seawater_IDP2021v2"
"1720","tblGeotraces_Seawater_IDP2021v2","PEP_LSHQAIAEAIGSTR_NtcA_Cyano_TP_CONC_PUMP","PEP_LSHQAIAEAIGSTR_NtcA_Cyano_TP_CONC_PUMP_tblGeotraces_Seawater_IDP2021v2"
"1721","tblGeotraces_Seawater_IDP2021v2","PEP_LSHQAIAEAIGSTR_NtcA_Cyano_TP_CONC_PUMP_qc","PEP_LSHQAIAEAIGSTR_NtcA_Cyano_TP_CONC_PUMP_qc_tblGeotraces_Seawater_IDP2021v2"
"1722","tblGeotraces_Seawater_IDP2021v2","PEP_SKLEDDPANPELILTAR_PhoP_Syn_TP_CONC_PUMP","PEP_SKLEDDPANPELILTAR_PhoP_Syn_TP_CONC_PUMP_tblGeotraces_Seawater_IDP2021v2"
"1723","tblGeotraces_Seawater_IDP2021v2","PEP_SKLEDDPANPELILTAR_PhoP_Syn_TP_CONC_PUMP_qc","PEP_SKLEDDPANPELILTAR_PhoP_Syn_TP_CONC_PUMP_qc_tblGeotraces_Seawater_IDP2021v2"
"1724","tblGeotraces_Seawater_IDP2021v2","PEP_LIDQDGVPVVFGGWTSASR_UreaTran_Pro_TP_CONC_PUMP","PEP_LIDQDGVPVVFGGWTSASR_UreaTran_Pro_TP_CONC_PUMP_tblGeotraces_Seawater_IDP2021v2"
"1725","tblGeotraces_Seawater_IDP2021v2","PEP_LIDQDGVPVVFGGWTSASR_UreaTran_Pro_TP_CONC_PUMP_qc","PEP_LIDQDGVPVVFGGWTSASR_UreaTran_Pro_TP_CONC_PUMP_qc_tblGeotraces_Seawater_IDP2021v2"
"1726","tblGeotraces_Seawater_IDP2021v2","PEP_VVGEDYLPLGNTEVAPIISK_UreaTran_Pro_TP_CONC_PUMP","PEP_VVGEDYLPLGNTEVAPIISK_UreaTran_Pro_TP_CONC_PUMP_tblGeotraces_Seawater_IDP2021v2"
"1727","tblGeotraces_Seawater_IDP2021v2","PEP_VVGEDYLPLGNTEVAPIISK_UreaTran_Pro_TP_CONC_PUMP_qc","PEP_VVGEDYLPLGNTEVAPIISK_UreaTran_Pro_TP_CONC_PUMP_qc_tblGeotraces_Seawater_IDP2021v2"
"1728","tblGeotraces_Seawater_IDP2021v2","PEP_IEYIVEDGASDWPTFAEK_UreaTran_ProSyn_TP_CONC_PUMP","PEP_IEYIVEDGASDWPTFAEK_UreaTran_ProSyn_TP_CONC_PUMP_tblGeotraces_Seawater_IDP2021v2"
"1729","tblGeotraces_Seawater_IDP2021v2","PEP_IEYIVEDGASDWPTFAEK_UreaTran_ProSyn_TP_CONC_PUMP_qc","PEP_IEYIVEDGASDWPTFAEK_UreaTran_ProSyn_TP_CONC_PUMP_qc_tblGeotraces_Seawater_IDP2021v2"
"1730","tblGeotraces_Seawater_IDP2021v2","PEP_IPEDIAFAESR_UreC_Pro_TP_CONC_PUMP","PEP_IPEDIAFAESR_UreC_Pro_TP_CONC_PUMP_tblGeotraces_Seawater_IDP2021v2"
"1731","tblGeotraces_Seawater_IDP2021v2","PEP_IPEDIAFAESR_UreC_Pro_TP_CONC_PUMP_qc","PEP_IPEDIAFAESR_UreC_Pro_TP_CONC_PUMP_qc_tblGeotraces_Seawater_IDP2021v2"
"1732","tblGeotraces_Seawater_IDP2021v2","PEP_VGVAGPVGSGK_UreG_Pro_TP_CONC_PUMP","PEP_VGVAGPVGSGK_UreG_Pro_TP_CONC_PUMP_tblGeotraces_Seawater_IDP2021v2"
"1733","tblGeotraces_Seawater_IDP2021v2","PEP_VGVAGPVGSGK_UreG_Pro_TP_CONC_PUMP_qc","PEP_VGVAGPVGSGK_UreG_Pro_TP_CONC_PUMP_qc_tblGeotraces_Seawater_IDP2021v2"
"1734","tblGeotraces_Seawater_IDP2021v2","PEP_FDYDGDYGTVLNR_UDP_sulfoquin_m_taxa_TP_CONC_PUMP","PEP_FDYDGDYGTVLNR_UDP_sulfoquin_m_taxa_TP_CONC_PUMP_tblGeotraces_Seawater_IDP2021v2"
"1735","tblGeotraces_Seawater_IDP2021v2","PEP_FDYDGDYGTVLNR_UDP_sulfoquin_m_taxa_TP_CONC_PUMP_qc","PEP_FDYDGDYGTVLNR_UDP_sulfoquin_m_taxa_TP_CONC_PUMP_qc_tblGeotraces_Seawater_IDP2021v2"
"1736","tblGeotraces_Seawater_IDP2021v2","PEP_NEAVENDLIVDNK_UDP_sulfoquin_Pro_TP_CONC_PUMP","PEP_NEAVENDLIVDNK_UDP_sulfoquin_Pro_TP_CONC_PUMP_tblGeotraces_Seawater_IDP2021v2"
"1737","tblGeotraces_Seawater_IDP2021v2","PEP_NEAVENDLIVDNK_UDP_sulfoquin_Pro_TP_CONC_PUMP_qc","PEP_NEAVENDLIVDNK_UDP_sulfoquin_Pro_TP_CONC_PUMP_qc_tblGeotraces_Seawater_IDP2021v2"
"1738","tblGeotraces_Seawater_IDP2021v2","PEP_EAYPDFASAK_NH4_transporter_Pro_TP_CONC_PUMP","PEP_EAYPDFASAK_NH4_transporter_Pro_TP_CONC_PUMP_tblGeotraces_Seawater_IDP2021v2"
"1739","tblGeotraces_Seawater_IDP2021v2","PEP_EAYPDFASAK_NH4_transporter_Pro_TP_CONC_PUMP_qc","PEP_EAYPDFASAK_NH4_transporter_Pro_TP_CONC_PUMP_qc_tblGeotraces_Seawater_IDP2021v2"
"1740","tblGeotraces_Seawater_IDP2021v2","PEP_FDSLINSADNVMTYK_Glut_synt_Pro_TP_CONC_PUMP","PEP_FDSLINSADNVMTYK_Glut_synt_Pro_TP_CONC_PUMP_tblGeotraces_Seawater_IDP2021v2"
"1741","tblGeotraces_Seawater_IDP2021v2","PEP_FDSLINSADNVMTYK_Glut_synt_Pro_TP_CONC_PUMP_qc","PEP_FDSLINSADNVMTYK_Glut_synt_Pro_TP_CONC_PUMP_qc_tblGeotraces_Seawater_IDP2021v2"
"1742","tblGeotraces_Seawater_IDP2021v2","PEP_EGYFPVSPNDTAQDIR_Glut_synt_Pro_TP_CONC_PUMP","PEP_EGYFPVSPNDTAQDIR_Glut_synt_Pro_TP_CONC_PUMP_tblGeotraces_Seawater_IDP2021v2"
"1743","tblGeotraces_Seawater_IDP2021v2","PEP_EGYFPVSPNDTAQDIR_Glut_synt_Pro_TP_CONC_PUMP_qc","PEP_EGYFPVSPNDTAQDIR_Glut_synt_Pro_TP_CONC_PUMP_qc_tblGeotraces_Seawater_IDP2021v2"
"1744","tblGeotraces_Seawater_IDP2021v2","PEP_HAPSFLAFTNPTTNSYK_Glut_synt_ProSyn_TP_CONC_PUMP","PEP_HAPSFLAFTNPTTNSYK_Glut_synt_ProSyn_TP_CONC_PUMP_tblGeotraces_Seawater_IDP2021v2"
"1745","tblGeotraces_Seawater_IDP2021v2","PEP_HAPSFLAFTNPTTNSYK_Glut_synt_ProSyn_TP_CONC_PUMP_qc","PEP_HAPSFLAFTNPTTNSYK_Glut_synt_ProSyn_TP_CONC_PUMP_qc_tblGeotraces_Seawater_IDP2021v2"
"1746","tblGeotraces_Seawater_IDP2021v2","PEP_VASLTGADINYLPNPR_UDP_sulfoquin_Pro_TP_CONC_PUMP","PEP_VASLTGADINYLPNPR_UDP_sulfoquin_Pro_TP_CONC_PUMP_tblGeotraces_Seawater_IDP2021v2"
"1747","tblGeotraces_Seawater_IDP2021v2","PEP_VASLTGADINYLPNPR_UDP_sulfoquin_Pro_TP_CONC_PUMP_qc","PEP_VASLTGADINYLPNPR_UDP_sulfoquin_Pro_TP_CONC_PUMP_qc_tblGeotraces_Seawater_IDP2021v2"
"1748","tblGeotraces_Seawater_IDP2021v2","CELL_VOLUME_BOTTLE","CELL_VOLUME_BOTTLE_tblGeotraces_Seawater_IDP2021v2"
"1749","tblGeotraces_Seawater_IDP2021v2","CELL_VOLUME_BOTTLE_qc","CELL_VOLUME_BOTTLE_qc_tblGeotraces_Seawater_IDP2021v2"
"1750","tblGeotraces_Seawater_IDP2021v2","CELL_TYPE_BOTTLE","CELL_TYPE_BOTTLE_tblGeotraces_Seawater_IDP2021v2"
"1751","tblGeotraces_Seawater_IDP2021v2","CELL_TYPE_BOTTLE_qc","CELL_TYPE_BOTTLE_qc_tblGeotraces_Seawater_IDP2021v2"
"1752","tblGeotraces_Seawater_IDP2021v2","Fe_CELL_CONC_BOTTLE","Fe_CELL_CONC_BOTTLE_tblGeotraces_Seawater_IDP2021v2"
"1753","tblGeotraces_Seawater_IDP2021v2","Fe_CELL_CONC_BOTTLE_qc","Fe_CELL_CONC_BOTTLE_qc_tblGeotraces_Seawater_IDP2021v2"
"1754","tblGeotraces_Seawater_IDP2021v2","C_CELL_CONC_BOTTLE","C_CELL_CONC_BOTTLE_tblGeotraces_Seawater_IDP2021v2"
"1755","tblGeotraces_Seawater_IDP2021v2","C_CELL_CONC_BOTTLE_qc","C_CELL_CONC_BOTTLE_qc_tblGeotraces_Seawater_IDP2021v2"
"1756","tblGeotraces_Seawater_IDP2021v2","Si_CELL_CONC_BOTTLE","Si_CELL_CONC_BOTTLE_tblGeotraces_Seawater_IDP2021v2"
"1757","tblGeotraces_Seawater_IDP2021v2","Si_CELL_CONC_BOTTLE_qc","Si_CELL_CONC_BOTTLE_qc_tblGeotraces_Seawater_IDP2021v2"
"1758","tblGeotraces_Seawater_IDP2021v2","P_CELL_CONC_BOTTLE","P_CELL_CONC_BOTTLE_tblGeotraces_Seawater_IDP2021v2"
"1759","tblGeotraces_Seawater_IDP2021v2","P_CELL_CONC_BOTTLE_qc","P_CELL_CONC_BOTTLE_qc_tblGeotraces_Seawater_IDP2021v2"
"1760","tblGeotraces_Seawater_IDP2021v2","S_CELL_CONC_BOTTLE","S_CELL_CONC_BOTTLE_tblGeotraces_Seawater_IDP2021v2"
"1761","tblGeotraces_Seawater_IDP2021v2","S_CELL_CONC_BOTTLE_qc","S_CELL_CONC_BOTTLE_qc_tblGeotraces_Seawater_IDP2021v2"
"1762","tblGeotraces_Seawater_IDP2021v2","Mn_CELL_CONC_BOTTLE","Mn_CELL_CONC_BOTTLE_tblGeotraces_Seawater_IDP2021v2"
"1763","tblGeotraces_Seawater_IDP2021v2","Mn_CELL_CONC_BOTTLE_qc","Mn_CELL_CONC_BOTTLE_qc_tblGeotraces_Seawater_IDP2021v2"
"1764","tblGeotraces_Seawater_IDP2021v2","Co_CELL_CONC_BOTTLE","Co_CELL_CONC_BOTTLE_tblGeotraces_Seawater_IDP2021v2"
"1765","tblGeotraces_Seawater_IDP2021v2","Co_CELL_CONC_BOTTLE_qc","Co_CELL_CONC_BOTTLE_qc_tblGeotraces_Seawater_IDP2021v2"
"1766","tblGeotraces_Seawater_IDP2021v2","Ni_CELL_CONC_BOTTLE","Ni_CELL_CONC_BOTTLE_tblGeotraces_Seawater_IDP2021v2"
"1767","tblGeotraces_Seawater_IDP2021v2","Ni_CELL_CONC_BOTTLE_qc","Ni_CELL_CONC_BOTTLE_qc_tblGeotraces_Seawater_IDP2021v2"
"1768","tblGeotraces_Seawater_IDP2021v2","Cu_CELL_CONC_BOTTLE","Cu_CELL_CONC_BOTTLE_tblGeotraces_Seawater_IDP2021v2"
"1769","tblGeotraces_Seawater_IDP2021v2","Cu_CELL_CONC_BOTTLE_qc","Cu_CELL_CONC_BOTTLE_qc_tblGeotraces_Seawater_IDP2021v2"
"1770","tblGeotraces_Seawater_IDP2021v2","Zn_CELL_CONC_BOTTLE","Zn_CELL_CONC_BOTTLE_tblGeotraces_Seawater_IDP2021v2"
"1771","tblGeotraces_Seawater_IDP2021v2","Zn_CELL_CONC_BOTTLE_qc","Zn_CELL_CONC_BOTTLE_qc_tblGeotraces_Seawater_IDP2021v2"
"1772","tblPisces_Forecast_Nutrients","fe","fe_tblPisces_Forecast_Nutrients"
"1773","tblPisces_Forecast_Nutrients","no3","no3_tblPisces_Forecast_Nutrients"
"1774","tblPisces_Forecast_Nutrients","po4","po4_tblPisces_Forecast_Nutrients"
"1775","tblPisces_Forecast_Nutrients","si","si_tblPisces_Forecast_Nutrients"
"1776","tblPisces_Forecast_Bio","nppv","nppv_tblPisces_Forecast_Bio"
"1777","tblPisces_Forecast_Bio","o2","o2_tblPisces_Forecast_Bio"
"1778","tblPisces_Forecast_Car","ph","ph_tblPisces_Forecast_Car"
"1779","tblPisces_Forecast_Car","dissic","dissic_tblPisces_Forecast_Car"
"1780","tblPisces_Forecast_Car","talk","talk_tblPisces_Forecast_Car"
"1781","tblPisces_Forecast_Optics","kd","kd_tblPisces_Forecast_Optics"
"1782","tblPisces_Forecast_Pft","phyc","phyc_tblPisces_Forecast_Pft"
"1783","tblPisces_Forecast_Pft","chl","chl_tblPisces_Forecast_Pft"
"1784","tblPisces_Forecast_Co2","spco2","spco2_tblPisces_Forecast_Co2"
